Circuito,Entrenamientos,Neum√°ticos,ModoPilotaje,CargaCombustible,TemperaturaPista,GomaEnPista,AgarreAsfalto,Clima,Sobrecalentamiento,VidaNeumatico,CantidadAgua,ConfianzaPilotoPista,ConfianzaPilotoCoche,DesgasteVuelta,Piloto,Trafico,CombustibleAlto,SafetyCar,TiempoVuelta
Bahrein,True,Soft,Balanced,45.7,31,VeryLow,Average,Cloudy,False,96,0.0,1,51,4.0,Sainz,False,False,False,95.485
Bahrein,True,Soft,Balanced,36.3,31,VeryLow,Average,Cloudy,False,96,0.0,1,41,4.0,Leclerc,False,False,False,95.009
Bahrein,True,Soft,Balanced,43.8,31,VeryLow,Average,Cloudy,False,92,0.0,1,51,4.0,Sainz,False,False,False,95.367
Bahrein,True,Soft,Balanced,34.3,31,VeryLow,Average,Cloudy,False,92,0.0,1,41,4.0,Leclerc,False,False,False,95.016
Bahrein,True,Soft,Balanced,42.0,31,VeryLow,Average,Cloudy,False,88,0.0,2,51,4.0,Sainz,False,False,False,95.327
Bahrein,True,Soft,Balanced,32.4,31,VeryLow,Average,Cloudy,False,88,0.0,2,41,4.0,Leclerc,False,False,False,94.959
Bahrein,True,Soft,Balanced,40.1,31,VeryLow,Average,Cloudy,False,84,0.0,2,51,4.0,Sainz,False,False,False,95.268
Bahrein,True,Soft,Balanced,30.6,31,VeryLow,Average,Cloudy,False,84,0.0,2,41,3.0,Leclerc,False,False,False,94.949
Bahrein,True,Soft,Balanced,38.3,31,VeryLow,Average,Cloudy,False,80,0.0,2,51,4.0,Sainz,True,False,False,96.159
Bahrein,True,Soft,Balanced,28.8,31,VeryLow,Average,Cloudy,False,81,0.0,2,41,4.0,Leclerc,False,False,False,94.947
Bahrein,True,Soft,Push,36.4,31,VeryLow,Average,Cloudy,False,76,0.0,3,51,5.0,Sainz,True,False,False,95.9
Bahrein,True,Soft,Balanced,27.0,31,VeryLow,Average,Cloudy,False,77,0.0,3,41,4.0,Leclerc,False,False,False,95.163
Bahrein,True,Soft,Push,34.6,31,VeryLow,Average,Cloudy,False,71,0.0,4,51,6.0,Sainz,True,False,False,97.531
Bahrein,True,Soft,Push,25.2,31,VeryLow,Average,Cloudy,False,73,0.0,4,41,5.0,Leclerc,False,False,False,94.593
Bahrein,True,Soft,Push,32.7,31,VeryLow,Average,Sunny,False,65,0.0,5,51,6.0,Sainz,False,False,False,95.352
Bahrein,True,Soft,Push,23.4,31,VeryLow,Average,Sunny,False,68,0.0,5,41,6.0,Leclerc,True,False,False,96.976
Bahrein,True,Soft,Push,30.8,31,VeryLow,Average,Sunny,False,59,0.0,6,51,4.0,Sainz,False,False,False,95.521
Bahrein,True,Soft,Push,21.6,31,VeryLow,Average,Sunny,False,62,0.0,6,41,6.0,Leclerc,True,False,False,96.793
Bahrein,True,Soft,Push,29.0,31,VeryLow,Average,Sunny,False,55,0.0,8,51,5.0,Sainz,False,False,False,95.773
Bahrein,True,Soft,Push,19.9,31,VeryLow,Average,Sunny,False,56,0.0,7,41,5.0,Leclerc,True,False,False,97.397
Bahrein,True,Soft,Push,27.2,31,VeryLow,Average,Sunny,False,50,0.0,10,51,5.0,Sainz,True,False,False,95.979
Bahrein,True,Soft,Push,18.0,31,VeryLow,Average,Sunny,False,51,0.0,9,41,6.0,Leclerc,True,False,False,97.287
Bahrein,True,Soft,Push,25.5,31,VeryLow,Average,Sunny,False,45,0.0,11,51,5.0,Sainz,True,False,False,96.144
Bahrein,True,Soft,Push,16.2,31,VeryLow,Average,Sunny,False,45,0.0,11,41,5.0,Leclerc,True,False,False,97.222
Bahrein,True,Soft,Save,23.7,31,VeryLow,Average,Sunny,False,40,0.0,13,51,4.0,Sainz,True,False,False,97.288
Bahrein,True,Soft,Save,14.6,31,VeryLow,Average,Sunny,False,40,0.0,13,41,4.0,Leclerc,True,False,False,97.202
Bahrein,True,Soft,Save,21.9,31,VeryLow,Average,Cloudy,False,36,0.0,15,51,3.0,Sainz,False,False,False,97.398
Bahrein,True,Soft,Save,12.8,31,VeryLow,Average,Cloudy,False,36,0.0,15,41,3.0,Leclerc,True,False,False,97.172
Bahrein,True,Soft,Save,20.1,31,VeryLow,Average,Cloudy,False,33,0.0,17,51,3.0,Sainz,False,False,False,97.471
Bahrein,True,Soft,Save,10.8,31,VeryLow,Average,Cloudy,False,33,0.0,17,41,3.0,Leclerc,False,False,False,97.304
Bahrein,True,Medium,Save,62.6,31,VeryLow,Average,Cloudy,False,97,0.0,22,79,2.0,Sainz,False,False,False,96.983
Bahrein,True,Medium,Save,60.7,31,VeryLow,Average,Cloudy,False,97,0.0,22,72,2.0,Leclerc,False,False,False,96.928
Bahrein,True,Medium,Save,60.6,31,VeryLow,Average,Cloudy,False,95,0.0,22,79,2.0,Sainz,False,False,False,96.969
Bahrein,True,Medium,Save,58.8,31,VeryLow,Average,Cloudy,False,95,0.0,22,72,2.0,Leclerc,False,False,False,96.853
Bahrein,True,Medium,Push,58.8,31,VeryLow,Average,Cloudy,False,93,0.0,23,79,4.0,Sainz,False,False,False,96.179
Bahrein,True,Medium,Push,56.9,31,VeryLow,Average,Cloudy,False,93,0.0,23,72,4.0,Leclerc,False,False,False,95.9
Bahrein,True,Medium,Save,56.9,31,VeryLow,Average,Cloudy,False,89,0.0,23,79,2.0,Sainz,False,False,False,96.801
Bahrein,True,Medium,Save,55.0,31,VeryLow,Average,Cloudy,False,89,0.0,23,72,2.0,Leclerc,False,False,False,96.69
Bahrein,True,Medium,Save,55.0,31,Low,Average,Cloudy,False,87,0.0,24,79,3.0,Sainz,True,False,False,97.657
Bahrein,True,Medium,Save,53.1,31,Low,Average,Cloudy,False,87,0.0,24,72,3.0,Leclerc,False,False,False,96.688
Bahrein,True,Medium,Save,53.0,31,Low,Average,Cloudy,False,84,0.0,24,79,3.0,Sainz,True,False,False,98.946
Bahrein,True,Medium,Save,52.9,31,Low,Average,Cloudy,False,84,0.0,24,72,2.0,Leclerc,False,False,False,96.564
Bahrein,True,Medium,Save,51.1,31,Low,Average,Cloudy,False,81,0.0,25,79,2.0,Sainz,True,False,False,98.559
Bahrein,True,Medium,Save,49.4,31,Low,Average,Cloudy,False,82,0.0,25,72,3.0,Leclerc,False,False,False,96.558
Bahrein,True,Medium,Push,49.6,31,Low,Average,Cloudy,False,79,0.0,26,79,4.0,Sainz,True,False,False,97.021
Bahrein,True,Medium,Push,47.5,31,Low,Average,Cloudy,False,79,0.0,26,72,3.0,Leclerc,False,False,False,95.776
Bahrein,True,Medium,Push,47.6,31,Low,Average,Sunny,False,75,0.0,27,79,3.0,Sainz,False,False,False,95.739
Bahrein,True,Medium,Push,45.6,31,Low,Average,Sunny,False,76,0.0,27,72,4.0,Leclerc,True,False,False,96.774
Bahrein,True,Medium,Push,45.6,31,Low,Average,Sunny,False,72,0.0,29,79,4.0,Sainz,False,False,False,95.976
Bahrein,True,Medium,Push,43.8,31,Low,Average,Sunny,False,72,0.0,29,72,4.0,Leclerc,True,False,False,98.008
Bahrein,True,Medium,Push,43.9,31,Low,Average,Sunny,False,68,0.0,31,79,4.0,Sainz,False,False,False,96.094
Bahrein,True,Medium,Push,42.0,31,Low,Average,Sunny,False,68,0.0,31,72,4.0,Leclerc,False,False,False,95.89
Bahrein,True,Medium,Push,42.0,31,Low,Average,Sunny,False,64,0.0,33,79,4.0,Sainz,False,False,False,96.201
Bahrein,True,Medium,Push,39.9,31,Low,Average,Sunny,False,64,0.0,33,72,4.0,Leclerc,False,False,False,96.092
Bahrein,True,Medium,Push,40.1,31,Low,High,Sunny,False,60,0.0,35,79,4.0,Sainz,False,False,False,96.272
Bahrein,True,Medium,Push,38.2,31,Low,High,Sunny,False,60,0.0,35,72,4.0,Leclerc,False,False,False,96.207
Bahrein,True,Medium,Push,38.3,31,Low,High,Sunny,False,56,0.0,37,79,3.0,Sainz,False,False,False,96.458
Bahrein,True,Medium,Push,36.4,31,Low,High,Sunny,False,56,0.0,37,72,3.0,Leclerc,False,False,False,96.381
Bahrein,True,Medium,Push,36.4,31,Low,High,Sunny,False,53,0.0,39,79,4.0,Sainz,False,False,False,96.622
Bahrein,True,Medium,Push,34.5,31,Low,High,Sunny,False,53,0.0,39,72,4.0,Leclerc,False,False,False,96.484
Bahrein,True,Medium,Push,34.6,31,Low,High,Sunny,False,49,0.0,41,79,4.0,Sainz,False,False,False,96.708
Bahrein,True,Medium,Push,32.7,31,Low,High,Sunny,False,49,0.0,40,72,4.0,Leclerc,False,False,False,96.666
Bahrein,True,Hard,Balanced,84.4,31,Low,High,Sunny,False,97,0.0,44,79,2.0,Sainz,False,False,False,97.949
Bahrein,True,Hard,Balanced,84.4,31,Low,High,Sunny,False,97,0.0,44,82,2.0,Leclerc,False,False,False,97.952
Bahrein,True,Hard,Balanced,81.6,31,Low,High,Sunny,False,95,0.0,45,79,2.0,Sainz,False,False,False,97.934
Bahrein,True,Hard,Balanced,81.4,31,Low,High,Sunny,False,95,0.0,44,82,2.0,Leclerc,False,False,False,97.867
Bahrein,True,Hard,Balanced,79.6,31,Low,High,Sunny,False,93,0.0,45,79,2.0,Sainz,False,False,False,97.867
Bahrein,True,Hard,Balanced,79.6,31,Low,High,Sunny,False,93,0.0,45,82,2.0,Leclerc,False,False,False,97.789
Bahrein,True,Hard,Balanced,77.6,31,Low,High,Sunny,False,91,0.0,46,79,3.0,Sainz,False,False,False,97.757
Bahrein,True,Hard,Balanced,77.6,31,Low,High,Sunny,False,91,0.0,46,82,2.0,Leclerc,False,False,False,97.679
Bahrein,True,Hard,Balanced,75.7,31,Low,High,Sunny,False,88,0.0,46,79,2.0,Sainz,False,False,False,97.66
Bahrein,True,Hard,Balanced,75.8,31,Low,High,Sunny,False,89,0.0,46,82,3.0,Leclerc,False,False,False,97.569
Bahrein,True,Hard,Balanced,73.8,31,Low,High,Cloudy,False,86,0.0,47,79,2.0,Sainz,False,False,False,97.685
Bahrein,True,Hard,Save,73.8,31,Low,High,Cloudy,False,86,0.0,47,82,2.0,Leclerc,True,False,False,98.505
Bahrein,True,Hard,Save,71.9,31,Low,High,Cloudy,False,84,0.0,48,79,2.0,Sainz,True,False,False,98.022
Bahrein,True,Hard,Save,71.9,31,Low,High,Cloudy,False,84,0.0,48,82,2.0,Leclerc,True,False,False,99.371
Bahrein,True,Hard,Save,70.1,31,Low,High,Cloudy,False,82,0.0,49,79,2.0,Sainz,True,False,False,98.803
Bahrein,True,Hard,Save,70.1,31,Low,High,Cloudy,False,82,0.0,49,82,2.0,Leclerc,False,False,False,98.347
Bahrein,True,Hard,Save,68.1,31,Average,High,Cloudy,False,80,0.0,50,79,2.0,Sainz,False,False,False,98.189
Bahrein,True,Hard,Save,68.1,31,Average,High,Cloudy,False,80,0.0,50,82,2.0,Leclerc,False,False,False,98.189
Bahrein,True,Hard,Push,60.1,31,Average,High,Cloudy,False,73,0.0,57,79,2.0,Sainz,False,False,False,97.065
Bahrein,True,Hard,Push,60.1,31,Average,High,Cloudy,False,73,0.0,57,82,2.0,Leclerc,True,False,False,98.956
Bahrein,True,Hard,Push,59.1,31,Average,High,Cloudy,False,70,0.0,59,79,3.0,Sainz,True,False,False,97.114
Bahrein,True,Hard,Push,59.0,31,Average,High,Sunny,False,70,0.0,59,82,3.0,Leclerc,True,False,False,97.725
Bahrein,True,Hard,Push,57.2,31,Average,High,Sunny,False,67,0.0,61,79,4.0,Sainz,False,False,False,98.322
Bahrein,True,Hard,Push,57.1,31,Average,High,Sunny,False,67,0.0,61,82,4.0,Leclerc,False,False,False,97.722
Bahrein,True,Hard,Push,55.4,31,Average,High,Sunny,False,63,0.0,63,79,3.0,Sainz,False,False,False,98.369
Bahrein,True,Hard,Push,55.4,31,Average,High,Sunny,False,63,0.0,63,82,3.0,Leclerc,False,False,False,97.216
Bahrein,True,Hard,Save,53.2,31,Average,High,Sunny,False,60,0.0,65,79,2.0,Sainz,False,False,False,98.51
Bahrein,True,Hard,Save,53.2,31,Average,High,Sunny,False,60,0.0,65,82,2.0,Leclerc,False,False,False,98.023
Bahrein,True,Hard,Save,51.4,31,Average,High,Sunny,False,58,0.0,68,79,2.0,Sainz,False,False,False,98.164
Bahrein,True,Hard,Save,51.4,31,Average,High,Sunny,False,58,0.0,68,82,2.0,Leclerc,False,False,False,98.124
Bahrein,True,Hard,Save,49.7,31,Average,High,Sunny,False,56,0.0,69,79,2.0,Sainz,True,False,False,98.011
Bahrein,True,Hard,Save,49.7,31,Average,High,Sunny,False,56,0.0,69,82,1.0,Leclerc,False,False,False,98.109
Bahrein,True,Hard,Push,47.9,31,Average,High,Cloudy,False,54,0.0,71,79,2.0,Sainz,True,False,False,99.659
Bahrein,True,Hard,Push,47.9,31,Average,High,Cloudy,False,55,0.0,71,82,2.0,Leclerc,False,False,False,98.134
Bahrein,True,Hard,Push,46.1,31,Average,High,Cloudy,False,52,0.0,73,79,2.0,Sainz,False,False,False,98.234
Bahrein,True,Hard,Push,46.0,31,Average,High,Cloudy,False,53,0.0,73,82,2.0,Leclerc,False,False,False,98.228
Bahrein,True,Hard,Push,44.2,31,Average,High,Cloudy,False,50,0.0,75,79,2.0,Sainz,False,False,False,98.038
Bahrein,True,Hard,Push,44.1,31,Average,High,Cloudy,False,51,0.0,75,82,3.0,Leclerc,False,False,False,97.841
Bahrein,True,Soft,Push,36.0,32,High,High,Cloudy,False,94,0.0,80,96,8.0,Sainz,False,True,False,93.7
Bahrein,True,Soft,Push,36.0,32,High,High,Cloudy,False,94,0.0,80,76,8.0,Leclerc,True,True,False,94.186
Bahrein,True,Soft,Push,33.7,32,High,High,Cloudy,False,86,0.0,80,96,6.0,Sainz,False,True,False,93.699
Bahrein,True,Soft,Push,33.7,32,High,High,Cloudy,False,86,0.0,80,76,6.0,Leclerc,False,True,False,94.036
Bahrein,True,Soft,Push,31.9,32,High,High,Cloudy,False,80,0.0,81,96,6.0,Sainz,False,True,False,93.802
Bahrein,True,Soft,Push,31.9,32,High,High,Cloudy,False,80,0.0,81,76,6.0,Leclerc,False,True,False,93.735
Bahrein,True,Soft,Push,29.9,32,High,High,Cloudy,False,74,0.0,81,96,7.0,Sainz,False,True,False,93.995
Bahrein,True,Soft,Push,29.9,32,High,High,Cloudy,False,74,0.0,81,76,7.0,Leclerc,True,True,False,95.692
Bahrein,True,Soft,Push,28.0,32,High,High,Cloudy,False,67,0.0,82,96,7.0,Sainz,True,True,False,97.601
Bahrein,True,Soft,Push,28.0,32,High,High,Cloudy,False,67,0.0,81,76,7.0,Leclerc,True,True,False,96.2
Bahrein,True,Soft,Push,26.0,32,High,VeryHigh,Sunny,False,60,0.0,82,96,6.0,Sainz,True,True,False,98.063
Bahrein,True,Soft,Push,26.0,32,High,VeryHigh,Sunny,False,60,0.0,82,76,6.0,Leclerc,True,True,False,96.157
Bahrein,True,Soft,Push,24.0,31,High,VeryHigh,Sunny,False,54,0.0,83,96,7.0,Sainz,True,True,False,98.02
Bahrein,True,Soft,Push,24.0,31,High,VeryHigh,Sunny,False,54,0.0,83,76,7.0,Leclerc,True,True,False,96.427
Bahrein,True,Soft,Push,22.1,31,High,VeryHigh,Sunny,False,47,0.0,84,96,6.0,Sainz,True,True,False,97.258
Bahrein,True,Soft,Push,22.0,31,High,VeryHigh,Sunny,False,47,0.0,84,76,6.0,Leclerc,True,True,False,96.732
Bahrein,True,Soft,Push,20.0,31,High,VeryHigh,Sunny,False,41,0.0,85,96,5.0,Sainz,True,True,False,99.496
Bahrein,True,Soft,Push,20.0,31,High,VeryHigh,Sunny,False,41,0.0,85,76,5.0,Leclerc,False,True,False,95.263
Bahrein,True,Soft,Balanced,30.7,31,Low,Average,Sunny,False,96,0.0,87,96,5.0,Sainz,True,True,False,95.118
Bahrein,True,Soft,Balanced,30.7,31,Low,Average,Sunny,False,96,0.0,87,76,5.0,Leclerc,False,True,False,94.269
Bahrein,True,Soft,Balanced,28.6,31,Low,Average,Sunny,False,91,0.0,88,96,5.0,Sainz,False,True,False,94.523
Bahrein,True,Soft,Balanced,28.7,31,Low,Average,Sunny,False,91,0.0,88,76,5.0,Leclerc,False,True,False,94.355
Bahrein,True,Soft,Balanced,26.6,31,Low,Average,Sunny,False,86,0.0,88,96,4.0,Sainz,False,True,False,94.283
Bahrein,True,Soft,Balanced,26.6,31,Low,Average,Sunny,False,86,0.0,88,76,4.0,Leclerc,True,True,False,95.672
Bahrein,True,Soft,Balanced,24.7,31,Low,Average,Sunny,False,82,0.0,89,96,5.0,Sainz,False,True,False,94.3
Bahrein,True,Soft,Balanced,24.7,31,Low,Average,Sunny,False,82,0.0,89,76,5.0,Leclerc,False,True,False,94.291
Bahrein,True,Soft,Balanced,22.7,31,Low,Average,Sunny,False,77,0.0,89,96,5.0,Sainz,True,True,False,95.208
Bahrein,True,Soft,Balanced,22.7,31,Low,Average,Sunny,False,77,0.0,89,76,5.0,Leclerc,False,True,False,94.336
Bahrein,True,Soft,Balanced,20.8,31,Low,Average,Sunny,False,72,0.0,90,96,5.0,Sainz,False,True,False,94.629
Bahrein,True,Soft,Balanced,20.8,31,Low,Average,Sunny,False,72,0.0,90,76,4.0,Leclerc,False,True,False,94.427
Bahrein,True,Soft,Balanced,18.8,31,Low,Average,Sunny,False,67,0.0,91,96,4.0,Sainz,False,True,False,94.643
Bahrein,True,Soft,Balanced,18.8,31,Low,Average,Sunny,False,68,0.0,90,76,5.0,Leclerc,False,True,False,94.549
Bahrein,True,Soft,Balanced,16.9,31,Low,Average,Sunny,False,63,0.0,92,96,5.0,Sainz,False,True,False,94.833
Bahrein,True,Soft,Balanced,16.9,31,Low,Average,Sunny,False,63,0.0,92,76,5.0,Leclerc,False,True,False,94.804
Bahrein,True,Soft,Balanced,14.9,31,Low,Average,Sunny,False,58,0.0,93,96,4.0,Sainz,True,True,False,96.171
Bahrein,True,Soft,Balanced,14.9,31,Low,Average,Sunny,False,58,0.0,92,76,4.0,Leclerc,True,True,False,96.089
Bahrein,True,Soft,Balanced,13.0,31,Low,Average,Sunny,False,54,0.0,94,96,5.0,Sainz,False,True,False,95.144
Bahrein,True,Soft,Balanced,13.0,31,Low,Average,Sunny,False,54,0.0,94,76,5.0,Leclerc,False,True,False,95.034
Bahrein,True,Soft,Balanced,11.0,31,Low,High,Sunny,False,49,0.0,96,96,4.0,Sainz,False,True,False,95.406
Bahrein,True,Soft,Balanced,11.0,31,Low,High,Sunny,False,49,0.0,96,76,4.0,Leclerc,False,True,False,95.301
Bahrein,True,Soft,Balanced,9.1,31,Low,High,Sunny,False,45,0.0,98,96,4.0,Sainz,False,True,False,
Bahrein,True,Soft,Balanced,9.1,31,Low,High,Sunny,False,45,0.0,98,76,4.0,Leclerc,False,True,False,95.48
Bahrein,True,Soft,Balanced,7.2,31,Low,High,Sunny,False,37,0.0,100,96,5.0,Sainz,False,True,False,96.129
Bahrein,True,Soft,Balanced,7.2,31,Low,High,Sunny,False,41,0.0,100,76,5.0,Leclerc,False,True,False,95.697
Bahrein,True,Soft,Balanced,5.4,31,Low,High,Sunny,False,32,0.0,100,96,4.0,Sainz,False,True,False,96.134
Bahrein,True,Soft,Balanced,5.3,31,Low,High,Sunny,False,36,0.0,100,76,4.0,Leclerc,False,True,False,96.294
Bahrein,True,Medium,Save,62.4,31,Average,High,Cloudy,False,97,0.0,100,96,3.0,Sainz,False,True,False,96.46
Bahrein,True,Medium,Save,60.4,31,Average,High,Cloudy,False,94,0.0,100,96,3.0,Sainz,False,True,False,96.389
Bahrein,True,Medium,Save,58.2,31,Average,High,Cloudy,False,91,0.0,100,96,3.0,Sainz,False,True,False,96.287
Bahrein,True,Medium,Save,60.5,31,Average,High,Cloudy,False,97,0.0,100,90,3.0,Leclerc,False,True,False,96.426
Bahrein,True,Medium,Save,56.1,31,Average,High,Cloudy,False,88,0.0,100,96,3.0,Sainz,False,True,False,96.197
Bahrein,True,Medium,Save,58.5,31,Average,High,Cloudy,False,94,0.0,100,90,3.0,Leclerc,False,True,False,96.254
Bahrein,True,Medium,Save,54.3,31,Average,High,Cloudy,False,85,0.0,100,96,3.0,Sainz,False,True,False,96.191
Bahrein,True,Medium,Save,56.5,31,Average,High,Cloudy,False,91,0.0,100,90,3.0,Leclerc,False,True,False,96.227
Bahrein,True,Medium,Save,52.2,31,Average,High,Cloudy,False,82,0.0,100,96,2.0,Sainz,False,True,False,96.128
Bahrein,True,Medium,Save,54.4,31,Average,High,Cloudy,False,88,0.0,100,90,3.0,Leclerc,False,True,False,96.091
Bahrein,True,Medium,Save,50.2,31,Average,High,Cloudy,False,80,0.0,100,96,3.0,Sainz,False,True,False,96.195
Bahrein,True,Medium,Save,52.4,31,Average,High,Cloudy,False,85,0.0,100,90,3.0,Leclerc,False,True,False,96.093
Bahrein,True,Medium,Save,48.1,31,Average,High,Cloudy,False,77,0.0,100,96,3.0,Sainz,False,True,False,96.165
Bahrein,True,Medium,Save,50.3,31,Average,High,Cloudy,False,82,0.0,100,90,3.0,Leclerc,False,True,False,96.06
Bahrein,True,Medium,Save,46.1,31,Average,High,Cloudy,False,74,0.0,100,96,3.0,Sainz,False,True,False,96.164
Bahrein,True,Medium,Balanced,48.3,31,Average,High,Cloudy,False,79,0.0,100,90,3.0,Leclerc,False,True,False,95.655
Bahrein,True,Medium,Balanced,44.1,31,Average,High,Cloudy,False,71,0.0,100,96,3.0,Sainz,False,True,False,95.836
Bahrein,True,Medium,Balanced,46.3,31,Average,High,Cloudy,False,76,0.0,100,90,3.0,Leclerc,False,True,False,95.706
Bahrein,True,Medium,Balanced,42.3,31,Average,High,Cloudy,False,68,0.0,100,96,4.0,Sainz,False,True,False,95.939
Bahrein,True,Medium,Balanced,44.3,31,Average,High,Cloudy,False,73,0.0,100,90,3.0,Leclerc,False,True,False,95.732
Bahrein,True,Medium,Balanced,40.2,31,Average,High,Cloudy,False,64,0.0,100,96,3.0,Sainz,False,True,False,96.0
Bahrein,True,Medium,Balanced,42.3,31,Average,High,Cloudy,False,70,0.0,100,90,3.0,Leclerc,False,True,False,95.766
Bahrein,True,Medium,Balanced,38.2,31,Average,High,Cloudy,False,61,0.0,100,96,3.0,Sainz,False,True,False,96.137
Bahrein,True,Medium,Push,40.3,31,Average,High,Cloudy,False,67,0.0,100,90,5.0,Leclerc,True,True,False,98.302
Bahrein,True,Medium,Push,36.3,31,Average,High,Cloudy,False,58,0.0,100,96,5.0,Sainz,False,True,False,95.747
Bahrein,True,Medium,Push,38.2,31,Average,High,Cloudy,False,62,0.0,100,90,4.0,Leclerc,False,True,False,95.42
Bahrein,True,Medium,Push,34.2,31,Average,High,Cloudy,False,53,0.0,100,96,4.0,Sainz,True,True,False,97.018
Bahrein,True,Medium,Push,36.2,31,Average,High,Cloudy,False,58,0.0,100,90,5.0,Leclerc,False,True,False,95.733
Bahrein,True,Medium,Push,32.2,31,Average,High,Cloudy,False,49,0.0,100,96,5.0,Sainz,True,True,False,97.079
Bahrein,True,Medium,Push,34.3,31,Average,High,Cloudy,False,53,0.0,100,90,4.0,Leclerc,False,True,False,95.975
Bahrein,True,Medium,Push,30.2,31,Average,High,Cloudy,False,44,0.0,100,96,4.0,Sainz,False,True,False,96.389
Bahrein,True,Medium,Balanced,32.3,31,Average,High,Cloudy,False,49,0.0,100,90,3.0,Leclerc,False,True,False,96.435
Bahrein,True,Medium,Balanced,28.2,31,Average,High,Cloudy,False,40,0.0,100,96,3.0,Sainz,False,True,False,97.047
Bahrein,True,Medium,Balanced,30.2,31,Average,High,Cloudy,False,46,0.0,100,90,3.0,Leclerc,False,True,False,96.6
Bahrein,True,Medium,Balanced,26.3,31,Average,High,Cloudy,False,37,0.0,100,96,4.0,Sainz,False,True,False,97.084
Bahrein,False,Soft,Balanced,106.1,32,VeryLow,Average,Sunny,False,80,0.0,100,90,4.0,Leclerc,False,False,False,99.711
Bahrein,False,Soft,Balanced,106.1,32,VeryLow,Average,Sunny,False,80,0.0,100,96,4.0,Sainz,False,False,False,99.688
Bahrein,False,Soft,Balanced,104.1,32,VeryLow,Average,Sunny,False,76,0.0,100,90,3.0,Leclerc,False,False,False,99.742
Bahrein,False,Soft,Balanced,104.1,32,VeryLow,Average,Sunny,False,76,0.0,100,96,4.0,Sainz,False,False,False,99.901
Bahrein,False,Soft,Balanced,101.9,32,VeryLow,Average,Sunny,False,73,0.0,100,90,3.0,Leclerc,False,False,False,99.563
Bahrein,False,Soft,Balanced,101.9,32,VeryLow,Average,Sunny,False,72,0.0,100,96,3.0,Sainz,False,False,False,99.686
Bahrein,False,Soft,Save,100.0,32,VeryLow,Average,Sunny,False,70,0.0,100,90,3.0,Leclerc,False,False,False,99.497
Bahrein,False,Soft,Save,100.0,32,VeryLow,Average,Sunny,False,69,0.0,100,96,4.0,Sainz,False,False,False,99.154
Bahrein,False,Soft,Save,98.1,32,VeryLow,Average,Sunny,False,67,0.0,100,90,3.0,Leclerc,False,False,False,99.472
Bahrein,False,Soft,Save,98.0,33,VeryLow,Average,Sunny,False,65,0.0,100,96,3.0,Sainz,False,False,False,99.384
Bahrein,False,Soft,Save,96.0,33,VeryLow,Average,Sunny,False,64,0.0,100,90,3.0,Leclerc,False,False,False,99.631
Bahrein,False,Soft,Save,96.0,33,VeryLow,Average,Sunny,False,62,0.0,100,96,3.0,Sainz,False,False,False,99.683
Bahrein,False,Soft,Save,94.1,33,VeryLow,Average,Sunny,False,61,0.0,100,90,3.0,Leclerc,False,False,False,99.717
Bahrein,False,Soft,Save,94.1,33,VeryLow,Average,Sunny,False,59,0.0,100,96,3.0,Sainz,False,False,False,99.557
Bahrein,False,Soft,Balanced,92.1,33,VeryLow,Average,Sunny,False,58,0.0,100,90,5.0,Leclerc,False,False,False,99.802
Bahrein,False,Soft,Save,92.1,33,VeryLow,Average,Sunny,False,56,0.0,100,96,4.0,Sainz,True,False,False,99.83
Bahrein,False,Soft,Balanced,90.0,34,VeryLow,Average,Sunny,False,53,0.0,100,90,3.0,Leclerc,True,False,False,100.025
Bahrein,False,Soft,Save,90.0,34,VeryLow,Average,Sunny,False,52,0.0,100,96,3.0,Sainz,True,False,False,100.445
Bahrein,False,Soft,Balanced,88.0,32,VeryLow,Average,Cloudy,False,50,0.0,100,90,3.0,Leclerc,False,False,False,100.09
Bahrein,False,Soft,Balanced,88.0,32,VeryLow,Average,Cloudy,False,49,0.0,100,96,4.0,Sainz,False,False,False,100.044
Bahrein,False,Soft,Push,86.2,32,VeryLow,Average,Cloudy,False,47,0.0,100,90,5.0,Leclerc,False,False,False,
Bahrein,False,Soft,Save,86.2,32,VeryLow,Average,Cloudy,False,45,0.0,100,96,3.0,Sainz,False,False,False,99.386
Bahrein,False,Hard,Balanced,84.2,32,VeryLow,Average,Cloudy,False,100,0.0,100,90,2.0,Leclerc,False,False,False,
Bahrein,False,Soft,Balanced,84.2,32,VeryLow,Average,Cloudy,False,42,0.0,100,96,3.0,Sainz,False,False,False,99.611
Bahrein,False,Hard,Balanced,82.3,32,VeryLow,Average,Cloudy,False,98,0.0,100,90,3.0,Leclerc,False,False,False,99.924
Bahrein,False,Soft,Push,82.3,32,VeryLow,Average,Cloudy,False,39,0.0,100,96,5.0,Sainz,False,False,False,
Bahrein,False,Hard,Balanced,80.5,32,VeryLow,Average,Cloudy,False,95,0.0,100,90,2.0,Leclerc,False,False,False,99.615
Bahrein,False,Hard,Balanced,80.5,32,VeryLow,Average,Cloudy,False,99,0.0,100,96,3.0,Sainz,False,False,False,
Bahrein,False,Hard,Balanced,78.4,32,VeryLow,Average,Cloudy,False,93,0.0,100,90,3.0,Leclerc,True,False,False,100.554
Bahrein,False,Hard,Balanced,78.4,32,VeryLow,Average,Cloudy,False,96,0.0,100,96,2.0,Sainz,False,False,False,99.75
Bahrein,False,Hard,Balanced,76.5,32,Low,Average,Cloudy,False,90,0.0,100,90,2.0,Leclerc,False,False,False,99.088
Bahrein,False,Hard,Balanced,76.5,32,Low,Average,Cloudy,False,94,0.0,100,96,2.0,Sainz,False,False,False,99.356
Bahrein,False,Hard,Balanced,74.5,32,Low,Average,Cloudy,False,88,0.0,100,90,2.0,Leclerc,True,False,False,100.203
Bahrein,False,Hard,Balanced,74.5,32,Low,Average,Cloudy,False,92,0.0,100,96,3.0,Sainz,False,False,False,98.217
Bahrein,False,Hard,Balanced,72.6,32,Low,Average,Cloudy,False,86,0.0,100,90,2.0,Leclerc,True,False,False,99.896
Bahrein,False,Hard,Save,72.6,32,Low,Average,Cloudy,False,89,0.0,100,96,2.0,Sainz,True,False,False,99.884
Bahrein,False,Hard,Save,70.7,32,Low,Average,Cloudy,False,84,0.0,100,90,2.0,Leclerc,False,False,False,99.778
Bahrein,False,Hard,Save,70.7,32,Low,Average,Cloudy,False,87,0.0,100,96,2.0,Sainz,False,False,False,98.886
Bahrein,False,Hard,Save,68.6,32,Low,Average,Cloudy,False,82,0.0,100,90,2.0,Leclerc,False,False,False,99.313
Bahrein,False,Hard,Balanced,68.6,32,Low,Average,Cloudy,False,85,0.0,100,96,2.0,Sainz,False,False,False,99.205
Bahrein,False,Hard,Save,66.8,32,Low,Average,Cloudy,False,80,0.0,100,90,2.0,Leclerc,False,False,False,99.652
Bahrein,False,Hard,Save,66.8,32,Low,Average,Cloudy,False,83,0.0,100,96,2.0,Sainz,False,False,False,99.66
Bahrein,False,Hard,Save,65.0,32,Low,Average,Cloudy,False,78,0.0,100,90,2.0,Leclerc,False,False,False,100.13
Bahrein,False,Hard,Save,65.0,32,Low,Average,Cloudy,False,81,0.0,100,96,2.0,Sainz,False,False,False,99.74
Bahrein,False,Hard,Save,63.1,32,Low,Average,Cloudy,False,76,0.0,100,90,2.0,Leclerc,False,False,False,100.136
Bahrein,False,Hard,Save,63.1,32,Low,Average,Cloudy,False,79,0.0,100,96,2.0,Sainz,False,False,False,99.924
Bahrein,False,Hard,Save,61.1,32,Low,High,Cloudy,False,74,0.0,100,90,2.0,Leclerc,False,False,False,98.178
Bahrein,False,Hard,Save,61.1,32,Low,High,Cloudy,False,77,0.0,100,96,2.0,Sainz,False,False,False,98.78
Bahrein,False,Hard,Save,59.3,32,Low,High,Cloudy,False,72,0.0,100,90,2.0,Leclerc,False,False,False,98.651
Bahrein,False,Hard,Save,59.3,32,Low,High,Cloudy,False,75,0.0,100,96,2.0,Sainz,False,False,False,98.302
Bahrein,False,Hard,Save,57.5,32,Low,High,Cloudy,False,70,0.0,100,90,2.0,Leclerc,False,False,False,98.65
Bahrein,False,Hard,Save,57.5,32,Low,High,Cloudy,False,73,0.0,100,96,2.0,Sainz,False,False,False,98.765
Bahrein,False,Hard,Save,55.6,32,Low,High,Cloudy,False,68,0.0,100,90,2.0,Leclerc,False,False,False,98.667
Bahrein,False,Hard,Save,55.6,32,Low,High,Cloudy,False,71,0.0,100,96,2.0,Sainz,False,False,False,99.158
Bahrein,False,Hard,Save,53.7,32,Low,High,Cloudy,False,66,0.0,100,90,2.0,Leclerc,False,False,False,98.315
Bahrein,False,Hard,Save,53.7,32,Low,High,Cloudy,False,69,0.0,100,96,2.0,Sainz,True,False,False,99.016
Bahrein,False,Hard,Save,51.8,34,Average,High,Cloudy,False,64,0.0,100,90,3.0,Leclerc,False,False,False,99.016
Bahrein,False,Hard,Save,51.8,34,Average,High,Cloudy,False,67,0.0,100,96,2.0,Sainz,False,False,False,98.614
Bahrein,False,Hard,Save,50.0,34,Average,High,Cloudy,False,61,0.0,100,90,1.0,Leclerc,True,False,False,99.277
Bahrein,False,Hard,Save,50.0,34,Average,High,Cloudy,False,65,0.0,100,96,2.0,Sainz,True,False,False,100.16
Bahrein,False,Hard,Push,48.0,34,Average,High,Cloudy,False,60,0.0,100,90,3.0,Leclerc,False,False,False,98.42
Bahrein,False,Hard,Save,48.0,34,Average,High,Cloudy,False,63,0.0,100,96,2.0,Sainz,False,False,False,99.119
Bahrein,False,Hard,Push,46.2,34,Average,High,Cloudy,False,57,0.0,100,90,4.0,Leclerc,False,True,False,98.933
Bahrein,False,Hard,Save,46.2,34,Average,High,Cloudy,False,61,0.0,100,96,2.0,Sainz,False,False,False,98.971
Bahrein,False,Hard,Push,44.2,32,Average,High,Cloudy,False,53,0.0,100,90,3.0,Leclerc,False,True,False,99.12
Bahrein,False,Hard,Save,44.4,32,Average,High,Cloudy,False,59,0.0,100,96,2.0,Sainz,False,False,False,99.135
Bahrein,False,Hard,Push,42.2,32,Average,High,Cloudy,False,50,0.0,100,90,4.0,Leclerc,False,True,False,99.184
Bahrein,False,Hard,Push,42.5,32,Average,High,Cloudy,False,57,0.0,100,96,4.0,Sainz,False,True,False,97.527
Bahrein,False,Hard,Push,40.2,32,Average,High,Cloudy,False,46,0.0,100,90,3.0,Leclerc,False,True,False,99.336
Bahrein,False,Hard,Push,40.5,32,Average,High,Cloudy,False,53,0.0,100,96,3.0,Sainz,False,True,False,98.886
Bahrein,False,Hard,Push,38.2,31,Average,High,Cloudy,False,43,0.0,100,90,3.0,Leclerc,False,True,False,
Bahrein,False,Hard,Push,38.5,31,Average,High,Cloudy,False,50,0.0,100,96,4.0,Sainz,False,True,False,99.104
Bahrein,False,Medium,Balanced,36.3,32,Average,High,Cloudy,False,99,0.0,100,90,3.0,Leclerc,False,False,False,
Bahrein,False,Hard,Push,36.3,32,Average,High,Cloudy,False,46,0.0,100,96,3.0,Sainz,False,False,False,99.177
Bahrein,False,Medium,Balanced,34.6,32,Average,High,Cloudy,False,96,0.0,100,90,3.0,Leclerc,False,False,False,96.362
Bahrein,False,Hard,Push,34.4,32,Average,High,Cloudy,False,43,0.0,100,96,3.0,Sainz,False,False,False,99.603
Bahrein,False,Medium,Balanced,32.6,32,Average,High,Cloudy,False,93,0.0,100,90,3.0,Leclerc,False,False,False,97.566
Bahrein,False,Hard,Push,32.7,32,Average,High,Cloudy,False,40,0.0,100,96,4.0,Sainz,False,True,False,
Bahrein,False,Medium,Balanced,30.8,32,Average,High,Cloudy,False,90,0.0,100,90,2.0,Leclerc,False,False,False,96.918
Bahrein,False,Medium,Push,30.8,32,High,High,Cloudy,False,99,0.0,100,96,3.0,Sainz,False,False,False,
Bahrein,False,Medium,Balanced,28.8,32,High,High,Cloudy,False,88,0.0,100,90,3.0,Leclerc,False,False,False,96.638
Bahrein,False,Medium,Push,28.8,32,High,High,Cloudy,False,96,0.0,100,96,4.0,Sainz,False,False,False,95.874
Bahrein,False,Medium,Balanced,27.0,32,High,High,Cloudy,False,85,0.0,100,90,3.0,Leclerc,True,False,False,99.872
Bahrein,False,Medium,Push,27.0,32,High,High,Cloudy,False,92,0.0,100,96,4.0,Sainz,False,False,False,96.582
Bahrein,False,Medium,Balanced,25.2,32,High,High,Cloudy,False,82,0.0,100,90,3.0,Leclerc,False,False,False,96.26
Bahrein,False,Medium,Push,25.2,32,High,High,Cloudy,False,88,0.0,100,96,4.0,Sainz,False,False,False,95.715
Bahrein,False,Medium,Balanced,23.4,32,High,High,Cloudy,False,79,0.0,100,90,3.0,Leclerc,False,False,False,96.321
Bahrein,False,Medium,Push,23.4,32,High,High,Cloudy,False,84,0.0,100,96,4.0,Sainz,False,False,False,96.26
Bahrein,False,Medium,Balanced,21.6,32,High,High,Cloudy,False,76,0.0,100,90,2.0,Leclerc,False,False,False,96.729
Bahrein,False,Medium,Push,21.6,32,High,High,Cloudy,False,80,0.0,100,96,4.0,Sainz,False,False,False,96.307
Bahrein,False,Medium,Balanced,19.8,32,High,High,Cloudy,False,74,0.0,100,90,3.0,Leclerc,False,False,False,96.765
Bahrein,False,Medium,Push,19.9,32,High,High,Cloudy,False,76,0.0,100,96,3.0,Sainz,False,False,False,96.283
Bahrein,False,Medium,Balanced,18.0,32,High,High,Cloudy,False,71,0.0,100,90,3.0,Leclerc,False,False,False,96.157
Bahrein,False,Medium,Balanced,18.0,32,High,High,Cloudy,False,73,0.0,100,96,4.0,Sainz,False,False,False,96.788
Bahrein,False,Medium,Balanced,16.0,32,High,High,Cloudy,False,68,0.0,100,90,3.0,Leclerc,False,False,False,96.843
Bahrein,False,Medium,Balanced,16.0,32,High,High,Cloudy,False,69,0.0,100,96,4.0,Sainz,True,False,False,97.459
Bahrein,False,Medium,Balanced,14.4,32,High,VeryHigh,Cloudy,False,65,0.0,100,90,2.0,Leclerc,False,False,False,97.717
Bahrein,False,Medium,Balanced,14.4,32,High,VeryHigh,Cloudy,False,65,0.0,100,96,2.0,Sainz,True,False,False,97.001
Bahrein,False,Medium,Balanced,12.6,32,High,VeryHigh,Cloudy,False,63,0.0,100,90,3.0,Leclerc,False,False,False,97.068
Bahrein,False,Medium,Balanced,12.6,32,High,VeryHigh,Cloudy,False,63,0.0,100,96,2.0,Sainz,True,False,False,97.717
Bahrein,False,Medium,Balanced,10.8,32,High,VeryHigh,Cloudy,False,60,0.0,100,90,3.0,Leclerc,False,False,False,96.984
Bahrein,False,Medium,Balanced,10.8,32,High,VeryHigh,Cloudy,False,61,0.0,100,96,4.0,Sainz,False,False,False,
Bahrein,False,Medium,Save,9.1,32,High,VeryHigh,Cloudy,False,57,0.0,100,90,2.0,Leclerc,False,False,False,97.803
Bahrein,False,Medium,Push,9.1,32,High,VeryHigh,Cloudy,False,57,0.0,100,96,4.0,Sainz,False,True,False,95.741
Bahrein,False,Medium,Save,7.4,32,High,VeryHigh,Cloudy,False,55,0.0,100,90,2.0,Leclerc,True,False,False,98.444
Bahrein,False,Medium,Push,7.4,32,High,VeryHigh,Cloudy,False,53,0.0,100,96,4.0,Sainz,False,False,False,96.337
Bahrein,False,Medium,Balanced,5.6,32,VeryHigh,VeryHigh,Cloudy,False,53,0.0,100,90,3.0,Leclerc,False,False,False,98.426
Bahrein,False,Medium,Balanced,5.6,32,VeryHigh,VeryHigh,Cloudy,False,49,0.0,100,96,3.0,Sainz,False,False,False,97.816
Bahrein,False,Medium,Balanced,3.9,33,VeryHigh,VeryHigh,Cloudy,False,50,0.0,100,90,3.0,Leclerc,False,False,False,97.647
Bahrein,False,Medium,Push,3.7,33,VeryHigh,VeryHigh,Cloudy,False,46,0.0,100,96,2.0,Sainz,True,False,False,98.661
Bahrein,False,Medium,Balanced,2.1,33,VeryHigh,VeryHigh,Cloudy,False,47,0.0,100,90,3.0,Leclerc,False,False,False,97.844
Bahrein,False,Medium,Balanced,1.9,33,VeryHigh,VeryHigh,Cloudy,False,44,0.0,100,96,3.0,Sainz,False,False,False,97.395
Jeddah,True,Soft,Balanced,40.1,42,VeryLow,Average,Sunny,False,95,0.0,0,4,5.0,Sainz,False,True,False,92.391
Jeddah,True,Soft,Balanced,40.2,42,VeryLow,Average,Sunny,False,95,0.0,0,4,5.0,Leclerc,False,True,False,92.244
Jeddah,True,Soft,Balanced,38.0,42,VeryLow,Average,Sunny,False,90,0.0,1,4,5.0,Sainz,False,True,False,92.077
Jeddah,True,Soft,Balanced,38.0,42,VeryLow,Average,Sunny,False,90,0.0,1,4,5.0,Leclerc,False,True,False,92.185
Jeddah,True,Soft,Balanced,35.9,42,VeryLow,Average,Sunny,False,85,0.0,1,4,5.0,Sainz,False,True,False,92.229
Jeddah,True,Soft,Balanced,35.9,42,VeryLow,Average,Sunny,False,85,0.0,1,4,5.0,Leclerc,False,True,False,92.124
Jeddah,True,Soft,Balanced,33.8,42,VeryLow,Average,Sunny,False,80,0.0,2,4,5.0,Sainz,False,True,False,92.295
Jeddah,True,Soft,Balanced,33.8,42,VeryLow,Average,Sunny,False,80,0.0,2,4,5.0,Leclerc,False,True,False,92.095
Jeddah,True,Soft,Balanced,31.8,43,VeryLow,Average,Sunny,False,75,0.0,2,4,5.0,Sainz,False,True,False,92.298
Jeddah,True,Soft,Balanced,31.8,43,VeryLow,Average,Sunny,False,75,0.0,2,4,4.0,Leclerc,False,True,False,92.13
Jeddah,True,Soft,Balanced,29.6,43,VeryLow,Average,Cloudy,False,70,0.0,3,4,4.0,Sainz,False,False,False,92.501
Jeddah,True,Soft,Balanced,29.6,43,VeryLow,Average,Cloudy,False,71,0.0,3,4,5.0,Leclerc,False,False,False,92.398
Jeddah,True,Soft,Balanced,27.7,42,VeryLow,Average,Cloudy,False,66,0.0,4,4,5.0,Sainz,False,False,False,92.67
Jeddah,True,Soft,Balanced,27.7,42,VeryLow,Average,Cloudy,False,66,0.0,4,4,4.0,Leclerc,False,False,False,92.473
Jeddah,True,Soft,Balanced,25.8,42,VeryLow,Average,Cloudy,False,61,0.0,5,4,4.0,Sainz,False,False,False,92.663
Jeddah,True,Soft,Balanced,25.8,42,VeryLow,Average,Cloudy,False,62,0.0,5,4,4.0,Leclerc,False,False,False,92.567
Jeddah,True,Soft,Balanced,23.8,42,VeryLow,Average,Cloudy,False,57,0.0,6,4,5.0,Sainz,False,False,False,92.668
Jeddah,True,Soft,Balanced,23.8,42,VeryLow,Average,Cloudy,False,58,0.0,6,4,5.0,Leclerc,False,False,False,92.638
Jeddah,True,Soft,Balanced,21.9,42,VeryLow,Average,Cloudy,False,53,0.0,7,4,4.0,Sainz,False,False,False,92.729
Jeddah,True,Soft,Balanced,21.9,42,VeryLow,Average,Cloudy,False,54,0.0,7,4,4.0,Leclerc,False,False,False,92.634
Jeddah,True,Soft,Push,20.0,42,VeryLow,Average,Cloudy,False,49,0.0,9,4,6.0,Sainz,False,False,False,92.547
Jeddah,True,Soft,Push,20.0,42,VeryLow,Average,Cloudy,False,50,0.0,9,4,6.0,Leclerc,False,False,False,92.381
Jeddah,True,Soft,Push,18.1,41,VeryLow,Average,Cloudy,False,43,0.0,11,4,6.0,Sainz,True,False,False,92.906
Jeddah,True,Soft,Push,18.1,41,VeryLow,Average,Cloudy,False,44,0.0,11,4,6.0,Leclerc,False,False,False,92.546
Jeddah,True,Medium,Save,63.7,45,VeryLow,Average,Sunny,False,96,0.0,15,73,3.0,Sainz,False,True,False,93.916
Jeddah,True,Medium,Save,63.7,45,VeryLow,Average,Sunny,False,96,0.0,15,73,3.0,Leclerc,False,True,False,93.836
Jeddah,True,Medium,Save,61.6,45,VeryLow,Average,Sunny,False,93,0.0,16,73,3.0,Sainz,False,True,False,92.851
Jeddah,True,Medium,Save,61.7,45,VeryLow,Average,Sunny,False,93,0.0,16,73,3.0,Leclerc,False,True,False,93.71
Jeddah,True,Medium,Save,59.4,43,VeryLow,Average,Sunny,False,90,0.0,16,73,2.0,Sainz,False,True,False,93.743
Jeddah,True,Medium,Save,59.5,43,VeryLow,Average,Sunny,False,90,0.0,16,73,3.0,Leclerc,False,True,False,97.619
Jeddah,True,Medium,Save,57.2,41,VeryLow,Average,Sunny,False,88,0.0,17,73,3.0,Sainz,False,True,False,93.643
Jeddah,True,Medium,Save,57.3,41,VeryLow,Average,Sunny,False,87,0.0,17,73,2.0,Leclerc,False,True,False,93.545
Jeddah,True,Medium,Save,55.3,41,Low,Average,Sunny,False,85,0.0,17,73,3.0,Sainz,False,True,False,93.59
Jeddah,True,Medium,Save,55.3,41,Low,Average,Sunny,False,85,0.0,17,73,3.0,Leclerc,False,True,False,93.52
Jeddah,True,Medium,Save,53.1,40,Low,Average,Sunny,False,82,0.0,17,73,3.0,Sainz,False,False,False,93.822
Jeddah,True,Medium,Save,53.2,40,Low,Average,Sunny,False,82,0.0,17,73,3.0,Leclerc,False,True,False,93.454
Jeddah,True,Medium,Save,51.1,40,Low,Average,Sunny,False,79,0.0,18,73,2.0,Sainz,False,False,False,93.756
Jeddah,True,Medium,Save,51.2,40,Low,Average,Sunny,False,79,0.0,18,73,3.0,Leclerc,False,False,False,93.418
Jeddah,True,Medium,Save,49.0,41,Low,Average,Sunny,False,77,0.0,19,73,3.0,Sainz,False,False,False,93.719
Jeddah,True,Medium,Save,49.0,41,Low,Average,Sunny,False,76,0.0,19,73,2.0,Leclerc,False,False,False,93.577
Jeddah,True,Medium,Save,47.1,41,Low,Average,Sunny,False,74,0.0,20,73,2.0,Sainz,False,False,False,93.589
Jeddah,True,Medium,Save,46.9,41,Low,Average,Sunny,False,74,0.0,20,73,3.0,Leclerc,False,False,False,93.603
Jeddah,True,Medium,Push,45.2,41,Low,Average,Sunny,False,72,0.0,21,73,4.0,Sainz,False,False,False,92.901
Jeddah,True,Medium,Push,45.0,41,Low,Average,Sunny,False,71,0.0,21,73,3.0,Leclerc,False,False,False,92.742
Jeddah,True,Medium,Push,43.2,41,Low,Average,Sunny,False,68,0.0,23,73,4.0,Sainz,False,False,False,92.869
Jeddah,True,Medium,Push,43.0,41,Low,Average,Sunny,False,68,0.0,23,73,4.0,Leclerc,False,False,False,92.82
Jeddah,True,Medium,Push,41.2,41,Low,Average,Sunny,False,64,0.0,25,73,4.0,Sainz,False,False,False,92.862
Jeddah,True,Medium,Push,41.0,41,Low,Average,Sunny,False,64,0.0,25,73,4.0,Leclerc,False,False,False,92.735
Jeddah,True,Medium,Push,39.3,40,Low,Average,Sunny,False,60,0.0,27,73,4.0,Sainz,False,False,False,92.897
Jeddah,True,Medium,Push,39.2,40,Low,Average,Sunny,False,60,0.0,27,73,4.0,Leclerc,False,False,False,92.837
Jeddah,True,Medium,Balanced,37.4,41,Low,Average,Sunny,False,56,0.0,29,73,3.0,Sainz,False,False,False,93.194
Jeddah,True,Medium,Balanced,37.2,41,Low,Average,Sunny,False,56,0.0,29,73,3.0,Leclerc,False,False,False,93.255
Jeddah,True,Medium,Balanced,35.4,42,Low,Average,Sunny,False,53,0.0,31,73,2.0,Sainz,False,False,False,93.358
Jeddah,True,Medium,Balanced,35.3,42,Low,Average,Sunny,False,53,0.0,31,73,3.0,Leclerc,False,False,False,93.331
Jeddah,True,Medium,Balanced,33.4,43,Low,Average,Sunny,False,51,0.0,32,73,3.0,Sainz,False,False,False,93.4
Jeddah,True,Medium,Balanced,33.2,43,Low,Average,Sunny,False,50,0.0,32,73,3.0,Leclerc,False,False,False,93.3
Jeddah,True,Medium,Balanced,31.6,43,Low,High,Sunny,False,48,0.0,34,73,3.0,Sainz,False,False,False,93.423
Jeddah,True,Medium,Balanced,31.3,43,Low,High,Sunny,False,47,0.0,34,73,2.0,Leclerc,False,False,False,93.295
Jeddah,True,Medium,Balanced,29.6,43,Low,High,Sunny,False,45,0.0,36,73,3.0,Sainz,False,False,False,93.476
Jeddah,True,Medium,Balanced,29.4,43,Low,High,Sunny,False,45,0.0,36,73,3.0,Leclerc,False,False,False,93.331
Jeddah,True,Medium,Balanced,27.7,44,Low,High,Sunny,False,42,0.0,38,73,2.0,Sainz,False,False,False,93.456
Jeddah,True,Medium,Balanced,27.5,44,Low,High,Sunny,False,42,0.0,38,73,3.0,Leclerc,False,False,False,93.359
Jeddah,True,Medium,Balanced,25.8,44,Low,High,Sunny,False,40,0.0,40,73,3.0,Sainz,False,False,False,93.418
Jeddah,True,Medium,Balanced,25.6,44,Low,High,Sunny,False,39,0.0,40,73,2.0,Leclerc,False,False,False,93.406
Jeddah,True,Medium,Balanced,23.8,44,Low,High,Sunny,False,37,0.0,42,73,3.0,Sainz,True,False,False,93.934
Jeddah,True,Medium,Balanced,23.6,44,Low,High,Sunny,False,37,0.0,42,73,3.0,Leclerc,False,False,False,93.408
Jeddah,True,Soft,Save,32.2,42,Low,Average,Sunny,False,96,0.0,45,60,4.0,Sainz,False,False,False,92.411
Jeddah,True,Soft,Save,32.1,42,Low,Average,Sunny,False,96,0.0,45,60,4.0,Leclerc,False,False,False,92.348
Jeddah,True,Soft,Save,30.1,42,Low,Average,Sunny,False,92,0.0,45,60,4.0,Sainz,False,False,False,92.348
Jeddah,True,Soft,Save,30.1,42,Low,Average,Sunny,False,92,0.0,45,60,4.0,Leclerc,False,False,False,92.22
Jeddah,True,Soft,Save,28.0,42,Low,Average,Sunny,False,88,0.0,46,60,4.0,Sainz,False,False,False,92.291
Jeddah,True,Soft,Save,28.0,42,Low,Average,Sunny,False,88,0.0,45,60,4.0,Leclerc,False,False,False,92.188
Jeddah,True,Soft,Save,26.3,42,Low,Average,Sunny,False,84,0.0,46,60,4.0,Sainz,False,False,False,92.291
Jeddah,True,Soft,Save,26.2,42,Low,Average,Sunny,False,84,0.0,46,60,4.0,Leclerc,False,False,False,92.159
Jeddah,True,Soft,Push,24.3,42,Low,High,Sunny,False,80,0.0,47,60,6.0,Sainz,False,False,False,91.44
Jeddah,True,Soft,Push,24.3,43,Low,High,Sunny,False,80,0.0,47,60,6.0,Leclerc,False,False,False,91.572
Jeddah,True,Soft,Push,22.5,43,Low,High,Sunny,False,74,0.0,47,60,6.0,Sainz,False,False,False,91.506
Jeddah,True,Soft,Push,22.5,43,Low,High,Sunny,False,74,0.0,47,60,6.0,Leclerc,False,False,False,91.41
Jeddah,True,Soft,Push,20.6,43,Low,High,Sunny,False,68,0.0,47,60,7.0,Sainz,False,True,False,91.378
Jeddah,True,Soft,Push,20.4,43,Low,High,Sunny,False,68,0.0,47,60,7.0,Leclerc,False,True,False,91.31
Jeddah,True,Soft,Push,18.5,43,Low,High,Sunny,False,61,0.0,48,60,7.0,Sainz,True,True,False,92.247
Jeddah,True,Soft,Push,18.4,43,Low,High,Sunny,False,61,0.0,48,60,6.0,Leclerc,False,True,False,91.412
Jeddah,True,Soft,Push,16.6,42,Average,High,Sunny,False,54,0.0,49,60,6.0,Sainz,False,True,False,91.722
Jeddah,True,Soft,Push,16.3,42,Average,High,Sunny,False,55,0.0,49,60,7.0,Leclerc,True,True,False,92.287
Jeddah,True,Soft,Push,14.5,42,Average,High,Sunny,False,48,0.0,50,60,8.0,Sainz,False,True,False,91.816
Jeddah,True,Soft,Push,14.5,42,Average,High,Sunny,False,48,0.0,50,60,7.0,Leclerc,False,True,False,91.71
Jeddah,True,Soft,Balanced,12.4,41,Average,High,Sunny,False,40,0.0,52,60,4.0,Sainz,False,True,False,92.405
Jeddah,True,Soft,Balanced,12.2,41,Average,High,Sunny,False,41,0.0,52,60,4.0,Leclerc,False,True,False,92.262
Jeddah,True,Soft,Balanced,10.5,42,Average,High,Sunny,False,36,0.0,54,60,5.0,Sainz,False,True,False,92.536
Jeddah,True,Soft,Balanced,10.3,42,Average,High,Sunny,False,37,0.0,54,60,5.0,Leclerc,False,True,False,92.342
Jeddah,True,Hard,Balanced,87.7,45,Average,High,Cloudy,False,98,0.0,58,86,2.0,Sainz,False,False,False,94.866
Jeddah,True,Hard,Balanced,87.7,45,Average,High,Cloudy,False,98,0.0,58,82,2.0,Leclerc,False,False,False,94.809
Jeddah,True,Hard,Balanced,85.6,45,Average,High,Cloudy,False,96,0.0,59,86,2.0,Sainz,False,False,False,94.778
Jeddah,True,Hard,Balanced,85.6,45,Average,High,Cloudy,False,96,0.0,59,82,2.0,Leclerc,False,False,False,94.717
Jeddah,True,Hard,Balanced,83.6,46,Average,High,Cloudy,False,94,0.0,59,86,2.0,Sainz,False,False,False,94.686
Jeddah,True,Hard,Balanced,83.6,46,Average,High,Cloudy,False,94,0.0,59,82,2.0,Leclerc,False,False,False,94.579
Jeddah,True,Hard,Balanced,81.4,44,Average,High,Cloudy,False,92,0.0,60,86,2.0,Sainz,False,False,False,94.641
Jeddah,True,Hard,Balanced,81.5,44,Average,High,Cloudy,False,92,0.0,60,82,2.0,Leclerc,False,False,False,94.476
Jeddah,True,Hard,Balanced,79.4,42,Average,High,Sunny,False,90,0.0,60,86,3.0,Sainz,False,False,False,94.481
Jeddah,True,Hard,Balanced,79.4,42,Average,High,Sunny,False,90,0.0,60,82,2.0,Leclerc,False,False,False,94.413
Jeddah,True,Hard,Balanced,77.4,40,Average,High,Sunny,False,87,0.0,61,86,2.0,Sainz,False,False,False,94.35
Jeddah,True,Hard,Balanced,77.4,40,Average,High,Sunny,False,88,0.0,61,82,2.0,Leclerc,False,False,False,94.279
Jeddah,True,Hard,Balanced,75.4,40,Average,High,Sunny,False,85,0.0,62,86,2.0,Sainz,False,False,False,94.548
Jeddah,True,Hard,Balanced,75.4,40,Average,High,Sunny,False,86,0.0,62,82,2.0,Leclerc,False,False,False,92.214
Jeddah,True,Hard,Balanced,73.2,40,Average,High,Sunny,False,83,0.0,63,86,2.0,Sainz,False,False,False,94.249
Jeddah,True,Hard,Balanced,73.2,40,Average,High,Sunny,False,84,0.0,63,82,2.0,Leclerc,False,False,False,94.113
Jeddah,True,Hard,Balanced,71.2,40,Average,High,Sunny,False,81,0.0,64,86,2.0,Sainz,False,False,False,94.184
Jeddah,True,Hard,Balanced,71.2,40,Average,High,Sunny,False,82,0.0,64,82,2.0,Leclerc,False,False,False,94.018
Jeddah,True,Hard,Balanced,69.2,41,Average,High,Sunny,False,79,0.0,65,86,2.0,Sainz,False,False,False,94.078
Jeddah,True,Hard,Balanced,69.2,41,Average,High,Sunny,False,80,0.0,65,82,3.0,Leclerc,False,False,False,93.989
Jeddah,True,Hard,Balanced,67.3,41,High,High,Sunny,False,78,0.0,66,86,3.0,Sainz,False,False,False,94.019
Jeddah,True,Hard,Balanced,67.3,41,High,High,Sunny,False,78,0.0,66,82,3.0,Leclerc,False,False,False,93.92
Jeddah,True,Hard,Push,65.1,42,High,High,Sunny,False,75,0.0,69,86,3.0,Sainz,False,True,False,93.364
Jeddah,True,Hard,Push,65.1,42,High,High,Sunny,False,75,0.0,69,82,3.0,Leclerc,False,True,False,93.195
Jeddah,True,Hard,Push,63.0,43,High,High,Sunny,False,72,0.0,71,86,3.0,Sainz,False,True,False,93.322
Jeddah,True,Hard,Push,63.0,43,High,High,Sunny,False,72,0.0,71,82,3.0,Leclerc,False,True,False,93.189
Jeddah,True,Hard,Push,60.8,43,High,High,Sunny,False,69,0.0,73,86,4.0,Sainz,False,True,False,93.259
Jeddah,True,Hard,Push,60.8,43,High,High,Sunny,False,69,0.0,73,82,4.0,Leclerc,False,True,False,93.23
Jeddah,True,Hard,Push,58.8,41,High,High,Sunny,False,65,0.0,74,86,3.0,Sainz,False,True,False,93.26
Jeddah,True,Hard,Push,58.8,41,High,High,Sunny,False,65,0.0,74,82,2.0,Leclerc,False,True,False,93.225
Jeddah,True,Hard,Push,56.5,39,High,High,Sunny,False,62,0.0,76,86,3.0,Sainz,True,True,False,93.794
Jeddah,True,Hard,Push,56.6,39,High,High,Sunny,False,63,0.0,76,82,4.0,Leclerc,False,True,False,93.258
Jeddah,True,Hard,Push,54.4,40,High,High,Sunny,False,59,0.0,78,86,4.0,Sainz,True,True,False,94.703
Jeddah,True,Hard,Push,54.4,40,High,High,Sunny,False,59,0.0,78,82,3.0,Leclerc,False,True,False,93.263
Jeddah,True,Hard,Push,52.3,41,High,VeryHigh,Sunny,False,55,0.0,80,86,3.0,Sainz,True,True,False,94.939
Jeddah,True,Hard,Push,52.3,41,High,VeryHigh,Sunny,False,56,0.0,80,82,3.0,Leclerc,False,True,False,93.427
Jeddah,True,Hard,Push,50.2,41,High,VeryHigh,Sunny,False,52,0.0,82,86,3.0,Sainz,True,True,False,94.986
Jeddah,True,Hard,Push,50.2,41,High,VeryHigh,Sunny,False,53,0.0,82,82,3.0,Leclerc,True,True,False,94.466
Jeddah,True,Hard,Push,48.1,41,High,VeryHigh,Sunny,False,49,0.0,84,86,3.0,Sainz,True,True,False,95.149
Jeddah,True,Hard,Push,48.1,41,High,VeryHigh,Sunny,False,50,0.0,84,82,4.0,Leclerc,True,True,False,94.884
Jeddah,True,Soft,Balanced,108.0,39,Low,Average,Sunny,False,96,0.0,87,78,5.0,Sainz,False,False,False,95.517
Jeddah,True,Soft,Balanced,108.0,39,Low,Average,Sunny,False,96,0.0,87,81,4.0,Leclerc,False,False,False,95.406
Jeddah,True,Soft,Balanced,105.3,39,Low,Average,Sunny,False,91,0.0,88,78,3.0,Sainz,False,False,False,95.369
Jeddah,True,Soft,Balanced,105.3,39,Low,Average,Sunny,False,92,0.0,88,81,4.0,Leclerc,False,False,False,95.303
Jeddah,True,Soft,Balanced,103.3,39,Low,Average,Sunny,False,88,0.0,88,78,4.0,Sainz,False,False,False,95.316
Jeddah,True,Soft,Balanced,103.3,39,Low,Average,Sunny,False,88,0.0,88,81,4.0,Leclerc,False,False,False,95.316
Jeddah,True,Soft,Balanced,101.2,39,Low,Average,Sunny,False,84,0.0,89,78,4.0,Sainz,False,False,False,95.342
Jeddah,True,Soft,Balanced,101.2,39,Low,Average,Sunny,False,84,0.0,89,81,4.0,Leclerc,False,False,False,95.234
Jeddah,True,Soft,Balanced,99.0,39,Low,Average,Sunny,False,80,0.0,89,78,4.0,Sainz,False,False,False,95.193
Jeddah,True,Soft,Balanced,99.0,39,Low,Average,Sunny,False,80,0.0,89,81,4.0,Leclerc,False,False,False,95.101
Jeddah,True,Soft,Balanced,97.0,39,Low,Average,Cloudy,False,76,0.0,90,78,4.0,Sainz,False,False,False,95.191
Jeddah,True,Soft,Balanced,97.0,39,Low,Average,Cloudy,False,76,0.0,90,81,4.0,Leclerc,False,False,False,95.143
Jeddah,True,Soft,Balanced,95.0,39,Low,Average,Cloudy,False,72,0.0,90,78,4.0,Sainz,False,False,False,95.196
Jeddah,True,Soft,Balanced,95.0,39,Low,Average,Cloudy,False,72,0.0,90,81,4.0,Leclerc,False,False,False,95.096
Jeddah,True,Soft,Push,92.8,39,Low,Average,Cloudy,False,68,0.0,92,78,5.0,Sainz,False,False,False,94.77
Jeddah,True,Soft,Push,92.8,39,Low,Average,Cloudy,False,68,0.0,92,81,5.0,Leclerc,False,False,False,94.733
Jeddah,True,Soft,Push,90.7,39,Low,Average,Sunny,False,63,0.0,93,78,6.0,Sainz,False,False,False,94.939
Jeddah,True,Soft,Push,90.7,39,Low,Average,Sunny,False,63,0.0,93,81,6.0,Leclerc,False,False,False,94.839
Jeddah,True,Soft,Push,88.6,39,Low,Average,Sunny,False,57,0.0,94,78,6.0,Sainz,False,False,False,94.971
Jeddah,True,Soft,Push,88.6,39,Low,Average,Sunny,False,57,0.0,94,81,5.0,Leclerc,False,False,False,94.876
Jeddah,True,Soft,Push,86.5,39,Low,High,Sunny,False,51,0.0,96,78,5.0,Sainz,False,False,False,95.076
Jeddah,True,Soft,Push,86.5,39,Low,High,Sunny,False,52,0.0,96,81,6.0,Leclerc,False,False,False,94.93
Jeddah,True,Soft,Push,84.5,39,Low,High,Sunny,False,46,0.0,98,78,6.0,Sainz,False,False,False,95.163
Jeddah,True,Soft,Push,84.5,39,Low,High,Sunny,False,46,0.0,98,81,5.0,Leclerc,False,False,False,95.084
Jeddah,True,Medium,Save,63.8,39,Average,High,Sunny,False,97,0.0,100,82,3.0,Sainz,False,False,False,94.012
Jeddah,True,Medium,Save,63.8,39,Average,High,Sunny,False,97,0.0,100,99,2.0,Leclerc,False,False,False,93.914
Jeddah,True,Medium,Save,61.8,39,Average,High,Sunny,False,94,0.0,100,82,2.0,Sainz,False,False,False,93.883
Jeddah,True,Medium,Save,61.8,39,Average,High,Sunny,False,95,0.0,100,99,3.0,Leclerc,False,False,False,93.785
Jeddah,True,Medium,Save,59.8,39,Average,High,Sunny,False,92,0.0,100,82,3.0,Sainz,False,False,False,93.765
Jeddah,True,Medium,Save,59.8,39,Average,High,Sunny,False,92,0.0,100,99,3.0,Leclerc,False,False,False,93.675
Jeddah,True,Medium,Save,57.8,39,Average,High,Sunny,False,89,0.0,100,82,2.0,Sainz,False,False,False,93.73
Jeddah,True,Medium,Save,57.8,39,Average,High,Sunny,False,89,0.0,100,99,2.0,Leclerc,False,False,False,93.547
Jeddah,True,Medium,Save,55.8,39,Average,High,Sunny,False,87,0.0,100,82,3.0,Sainz,False,False,False,93.651
Jeddah,True,Medium,Save,55.8,39,Average,High,Sunny,False,87,0.0,100,99,2.0,Leclerc,False,False,False,93.489
Jeddah,True,Medium,Save,53.7,39,Average,High,Sunny,False,84,0.0,100,82,2.0,Sainz,False,False,False,93.55
Jeddah,True,Medium,Save,53.7,39,Average,High,Sunny,False,85,0.0,100,99,3.0,Leclerc,False,False,False,93.452
Jeddah,True,Medium,Save,51.7,39,Average,High,Sunny,False,82,0.0,100,82,3.0,Sainz,False,False,False,93.558
Jeddah,True,Medium,Save,51.7,39,Average,High,Sunny,False,82,0.0,100,99,2.0,Leclerc,False,False,False,93.385
Jeddah,True,Medium,Save,49.8,39,Average,High,Sunny,False,79,0.0,100,82,2.0,Sainz,False,False,False,93.521
Jeddah,True,Medium,Save,49.8,39,Average,High,Sunny,False,80,0.0,100,99,3.0,Leclerc,False,False,False,93.388
Jeddah,True,Medium,Save,48.0,39,Average,High,Cloudy,False,77,0.0,100,82,3.0,Sainz,False,False,False,93.414
Jeddah,True,Medium,Save,48.0,39,Average,High,Cloudy,False,77,0.0,100,99,2.0,Leclerc,False,False,False,93.356
Jeddah,True,Medium,Balanced,46.0,39,Average,High,Cloudy,False,74,0.0,100,82,2.0,Sainz,False,False,False,92.93
Jeddah,True,Medium,Balanced,46.0,39,Average,High,Cloudy,False,75,0.0,100,99,3.0,Leclerc,False,False,False,92.927
Jeddah,True,Medium,Balanced,44.0,39,Average,High,Cloudy,False,72,0.0,100,82,3.0,Sainz,False,False,False,92.958
Jeddah,True,Medium,Balanced,44.0,39,Average,High,Cloudy,False,72,0.0,100,99,3.0,Leclerc,False,False,False,92.923
Jeddah,True,Medium,Balanced,42.0,39,Average,High,Cloudy,False,69,0.0,100,82,4.0,Sainz,False,True,False,92.762
Jeddah,True,Medium,Balanced,42.0,39,Average,High,Cloudy,False,69,0.0,100,99,4.0,Leclerc,False,True,False,92.627
Jeddah,True,Medium,Balanced,40.0,39,Average,High,Cloudy,False,65,0.0,100,82,3.0,Sainz,False,True,False,92.733
Jeddah,True,Medium,Balanced,40.0,39,Average,High,Cloudy,False,65,0.0,100,99,2.0,Leclerc,False,True,False,92.59
Jeddah,True,Medium,Balanced,37.8,39,Average,High,Cloudy,False,62,0.0,100,82,3.0,Sainz,True,True,False,93.225
Jeddah,True,Medium,Balanced,37.8,39,Average,High,Cloudy,False,63,0.0,100,99,4.0,Leclerc,False,True,False,92.599
Jeddah,True,Medium,Balanced,35.6,39,Average,High,Cloudy,False,59,0.0,100,82,3.0,Sainz,True,True,False,93.771
Jeddah,True,Medium,Balanced,35.6,39,Average,High,Cloudy,False,59,0.0,100,99,3.0,Leclerc,False,True,False,92.626
Jeddah,True,Medium,Push,33.7,39,Average,High,Cloudy,False,56,0.0,100,82,4.0,Sainz,False,True,False,92.44
Jeddah,True,Medium,Push,33.7,39,Average,High,Cloudy,False,56,0.0,100,99,4.0,Leclerc,True,True,False,93.714
Jeddah,True,Medium,Push,31.6,39,High,High,Cloudy,False,51,0.0,100,82,4.0,Sainz,False,True,False,92.439
Jeddah,True,Medium,Push,31.6,39,High,High,Cloudy,False,51,0.0,100,99,4.0,Leclerc,False,True,False,92.407
Jeddah,True,Medium,Push,29.6,39,High,High,Cloudy,False,47,0.0,100,82,5.0,Sainz,False,True,False,92.575
Jeddah,True,Medium,Push,29.6,39,High,High,Cloudy,False,47,0.0,100,99,4.0,Leclerc,False,True,False,92.436
Jeddah,True,Medium,Push,27.4,39,High,High,Cloudy,False,42,0.0,100,82,4.0,Sainz,False,True,False,92.739
Jeddah,True,Medium,Push,27.4,39,High,High,Cloudy,False,43,0.0,100,99,5.0,Leclerc,False,True,False,92.638
Jeddah,False,Medium,Balanced,101.7,39,VeryLow,Average,Sunny,False,99,0.0,100,91,3.0,Sainz,False,True,False,
Jeddah,False,Medium,Balanced,101.7,39,VeryLow,Average,Sunny,False,99,0.0,100,99,3.0,Leclerc,False,True,False,
Jeddah,False,Medium,Save,99.5,39,VeryLow,Average,Sunny,False,96,0.0,100,91,2.0,Sainz,False,True,False,97.112
Jeddah,False,Medium,Save,99.5,39,VeryLow,Average,Sunny,False,96,0.0,100,99,2.0,Leclerc,False,True,False,97.264
Jeddah,False,Medium,Save,97.3,39,VeryLow,Average,Sunny,False,94,0.0,100,91,2.0,Sainz,False,True,False,96.971
Jeddah,False,Medium,Save,97.3,39,VeryLow,Average,Sunny,False,94,0.0,100,99,2.0,Leclerc,False,True,False,96.822
Jeddah,False,Medium,Save,95.1,39,VeryLow,Average,Sunny,False,92,0.0,100,91,3.0,Sainz,False,True,False,96.686
Jeddah,False,Medium,Save,95.1,39,VeryLow,Average,Sunny,False,92,0.0,100,99,3.0,Leclerc,False,True,False,96.673
Jeddah,False,Medium,Save,92.9,39,VeryLow,Average,Sunny,False,89,0.0,100,91,3.0,Sainz,True,True,False,97.006
Jeddah,False,Medium,Save,92.9,39,VeryLow,Average,Sunny,False,89,0.0,100,99,3.0,Leclerc,True,True,False,97.006
Jeddah,False,Medium,Save,90.9,39,VeryLow,Average,Sunny,False,86,0.0,100,91,2.0,Sainz,False,True,False,96.139
Jeddah,False,Medium,Save,90.9,39,VeryLow,Average,Sunny,False,86,0.0,100,99,2.0,Leclerc,False,True,False,96.487
Jeddah,False,Medium,Save,88.8,39,VeryLow,Average,Sunny,False,84,0.0,100,91,3.0,Sainz,False,True,False,96.536
Jeddah,False,Medium,Save,88.8,39,VeryLow,Average,Sunny,False,84,0.0,100,99,3.0,Leclerc,False,True,False,96.328
Jeddah,False,Medium,Save,86.4,39,VeryLow,Average,Sunny,False,81,0.0,100,91,3.0,Sainz,True,True,False,96.986
Jeddah,False,Medium,Save,86.4,39,VeryLow,Average,Sunny,False,81,0.0,100,99,3.0,Leclerc,True,True,False,96.99
Jeddah,False,Medium,Save,84.1,39,VeryLow,Average,Sunny,False,78,0.0,100,91,2.0,Sainz,False,True,False,96.577
Jeddah,False,Medium,Save,84.5,39,VeryLow,Average,Sunny,False,78,0.0,100,99,2.0,Leclerc,False,True,False,96.572
Jeddah,False,Medium,Save,81.8,39,VeryLow,Average,Sunny,False,76,0.0,100,91,3.0,Sainz,False,True,False,96.163
Jeddah,False,Medium,Save,82.3,39,VeryLow,Average,Sunny,False,76,0.0,100,99,3.0,Leclerc,False,True,False,95.82
Jeddah,False,Medium,Save,80.1,39,VeryLow,Average,Sunny,False,73,0.0,100,91,3.0,Sainz,True,True,False,96.582
Jeddah,False,Medium,Save,79.7,39,VeryLow,Average,Sunny,False,73,0.0,100,99,3.0,Leclerc,True,True,False,96.415
Jeddah,False,Medium,Save,77.6,39,VeryLow,Average,Sunny,False,70,0.0,100,91,2.0,Sainz,False,True,False,96.065
Jeddah,False,Medium,Save,78.0,39,VeryLow,Average,Sunny,False,70,0.0,100,99,2.0,Leclerc,False,True,False,96.145
Jeddah,False,Medium,Save,75.5,39,VeryLow,Average,Sunny,False,68,0.0,100,91,3.0,Sainz,True,False,False,96.311
Jeddah,False,Medium,Save,75.8,39,VeryLow,Average,Sunny,False,68,0.0,100,99,3.0,Leclerc,True,True,False,96.494
Jeddah,False,Medium,Save,73.7,39,VeryLow,Average,Sunny,False,65,0.0,100,91,3.0,Sainz,True,False,False,96.682
Jeddah,False,Medium,Save,73.4,39,VeryLow,Average,Sunny,False,65,0.0,100,99,3.0,Leclerc,True,True,False,96.45
Jeddah,False,Medium,Save,71.4,39,VeryLow,Average,Sunny,False,62,0.0,100,91,6.0,Sainz,False,False,False,95.807
Jeddah,False,Medium,Push,71.3,39,VeryLow,Average,Sunny,False,62,0.0,100,99,6.0,Leclerc,False,True,False,95.849
Jeddah,False,Medium,Push,69.2,39,VeryLow,Average,Sunny,False,59,0.0,100,91,3.0,Sainz,False,True,False,95.398
Jeddah,False,Medium,Push,69.2,39,VeryLow,Average,Sunny,False,57,0.0,100,99,3.0,Leclerc,False,True,False,94.681
Jeddah,False,Medium,Save,67.3,39,Low,Average,Sunny,False,56,0.0,100,91,2.0,Sainz,False,False,False,95.833
Jeddah,False,Medium,Push,67.2,39,Low,Average,Sunny,False,54,0.0,100,99,5.0,Leclerc,False,True,False,95.066
Jeddah,False,Medium,Save,65.1,39,Low,Average,Sunny,False,52,0.0,100,91,2.0,Sainz,False,False,False,95.881
Jeddah,False,Medium,Push,65.1,39,Low,Average,Sunny,False,49,0.0,100,99,3.0,Leclerc,False,True,False,95.867
Jeddah,False,Medium,Push,63.3,39,Low,Average,Sunny,False,50,0.0,100,91,2.0,Sainz,False,False,False,95.801
Jeddah,False,Medium,Push,63.0,39,Low,Average,Sunny,False,46,0.0,100,99,4.0,Leclerc,False,True,False,95.834
Jeddah,False,Medium,Push,61.3,39,Low,Average,Sunny,False,48,0.0,100,91,3.0,Sainz,False,False,False,95.711
Jeddah,False,Medium,Push,60.8,39,Low,Average,Sunny,False,42,0.0,100,99,5.0,Leclerc,False,True,False,97.295
Jeddah,False,Medium,Push,59.3,39,Low,Average,Sunny,False,45,0.0,100,91,4.0,Sainz,False,True,False,95.324
Jeddah,False,Hard,Balanced,58.3,39,Low,Average,Sunny,False,99,0.0,100,99,2.0,Leclerc,False,False,False,121.821
Jeddah,False,Medium,Push,56.7,39,Low,Average,Sunny,False,41,0.0,100,91,4.0,Sainz,False,False,False,97.273
Jeddah,False,Hard,Balanced,55.9,39,Low,Average,Sunny,False,97,0.0,100,99,2.0,Leclerc,False,False,False,95.113
Jeddah,False,Hard,Balanced,54.9,39,Low,Average,Sunny,False,99,0.0,100,91,2.0,Sainz,False,False,False,120.885
Jeddah,False,Hard,Balanced,54.5,39,Low,Average,Sunny,False,95,0.0,100,99,2.0,Leclerc,False,False,False,95.269
Jeddah,False,Hard,Balanced,53.0,39,Low,Average,Sunny,False,97,0.0,100,91,2.0,Sainz,False,False,False,95.074
Jeddah,False,Hard,Balanced,52.8,39,Low,Average,Sunny,False,93,0.0,100,99,2.0,Leclerc,False,False,False,95.178
Jeddah,False,Hard,Push,51.0,39,Low,Average,Cloudy,False,95,0.0,100,91,3.0,Sainz,False,True,False,94.089
Jeddah,False,Hard,Balanced,51.0,39,Low,Average,Cloudy,False,91,0.0,100,99,2.0,Leclerc,False,False,False,94.742
Jeddah,False,Hard,Push,49.0,39,Low,Average,Cloudy,False,92,0.0,100,91,3.0,Sainz,False,True,False,93.829
Jeddah,False,Hard,Balanced,49.0,39,Low,Average,Cloudy,False,89,0.0,100,99,2.0,Leclerc,True,False,False,95.367
Jeddah,False,Hard,Balanced,46.8,39,Low,High,Cloudy,False,89,0.0,100,91,3.0,Sainz,False,False,False,94.817
Jeddah,False,Hard,Balanced,46.9,39,Low,High,Cloudy,False,87,0.0,100,99,3.0,Leclerc,False,False,False,94.778
Jeddah,False,Hard,Balanced,44.7,39,Low,High,Cloudy,False,86,0.0,100,91,3.0,Sainz,False,False,False,94.717
Jeddah,False,Hard,Save,44.7,39,Low,High,Cloudy,False,84,0.0,100,99,1.0,Leclerc,False,False,False,94.505
Jeddah,False,Hard,Balanced,43.0,39,Low,High,Cloudy,False,85,0.0,100,91,2.0,Sainz,False,False,False,94.652
Jeddah,False,Hard,Save,43.0,39,Low,High,Cloudy,False,83,0.0,100,99,2.0,Leclerc,False,False,False,94.575
Jeddah,False,Hard,Balanced,41.0,39,Low,High,Cloudy,False,83,0.0,100,91,3.0,Sainz,False,False,False,94.62
Jeddah,False,Hard,Save,41.0,39,Low,High,Cloudy,False,81,0.0,100,99,2.0,Leclerc,False,False,False,94.185
Jeddah,False,Hard,Balanced,39.0,39,Low,High,Cloudy,False,80,0.0,100,91,2.0,Sainz,False,False,False,94.554
Jeddah,False,Hard,Save,39.0,39,Low,High,Cloudy,False,79,0.0,100,99,1.0,Leclerc,False,False,False,94.69
Jeddah,False,Hard,Balanced,37.0,39,Average,High,Cloudy,False,78,0.0,100,91,,Sainz,False,False,False,94.482
Jeddah,False,Hard,Save,37.0,39,Average,High,Cloudy,False,78,0.0,100,99,,Leclerc,False,False,False,94.369
Jeddah,False,Hard,Push,35.0,39,Average,High,Cloudy,False,76,0.0,100,91,3.0,Sainz,False,True,False,93.964
Jeddah,False,Hard,Balanced,35.0,39,Average,High,Cloudy,False,76,0.0,100,99,2.0,Leclerc,False,False,False,93.877
Jeddah,False,Hard,Push,33.0,39,Average,High,Cloudy,False,73,0.0,100,91,3.0,Sainz,False,True,False,93.892
Jeddah,False,Hard,Balanced,33.2,39,Average,High,Cloudy,False,74,0.0,100,99,2.0,Leclerc,True,False,False,95.358
Jeddah,False,Hard,Push,30.9,39,Average,High,Cloudy,False,70,0.0,100,91,4.0,Sainz,False,True,False,93.866
Jeddah,False,Hard,Push,31.3,39,Average,High,Cloudy,False,72,0.0,100,99,4.0,Leclerc,False,True,False,93.594
Jeddah,False,Hard,Push,28.8,39,Average,High,Cloudy,False,66,0.0,100,91,2.0,Sainz,False,True,False,93.862
Jeddah,False,Hard,Push,29.2,39,Average,High,Cloudy,False,68,0.0,100,99,3.0,Leclerc,True,True,False,94.385
Jeddah,False,Hard,Balanced,26.7,39,Average,High,Cloudy,False,64,0.0,100,91,3.0,Sainz,False,False,False,94.53
Jeddah,False,Hard,Push,27.3,39,Average,High,Cloudy,False,65,0.0,100,99,4.0,Leclerc,False,True,False,92.481
Jeddah,False,Hard,Balanced,25.0,39,Average,High,Cloudy,False,61,0.0,100,91,2.0,Sainz,False,False,False,94.494
Jeddah,False,Hard,Push,24.8,39,Average,High,Cloudy,False,61,0.0,100,99,2.0,Leclerc,False,True,False,93.327
Jeddah,False,Hard,Balanced,23.0,39,Average,High,Cloudy,False,59,0.0,100,91,2.0,Sainz,False,False,False,94.524
Jeddah,False,Hard,Balanced,23.2,39,Average,High,Cloudy,False,59,0.0,100,99,2.0,Leclerc,False,False,False,94.522
Jeddah,False,Hard,Balanced,21.0,39,Average,High,Cloudy,False,57,0.0,100,91,2.0,Sainz,False,False,False,94.525
Jeddah,False,Hard,Balanced,21.0,39,Average,High,Cloudy,False,57,0.0,100,99,3.0,Leclerc,False,False,False,94.525
Jeddah,False,Hard,Balanced,19.3,39,Average,High,Cloudy,False,55,0.0,100,91,2.0,Sainz,False,False,False,94.525
Jeddah,False,Hard,Balanced,19.3,39,Average,High,Cloudy,False,54,0.0,100,99,2.0,Leclerc,False,False,False,94.526
Jeddah,False,Hard,Balanced,17.2,39,Average,High,Cloudy,False,53,0.0,100,91,2.0,Sainz,False,False,False,94.592
Jeddah,False,Hard,Balanced,17.6,39,Average,High,Cloudy,False,52,0.0,100,99,2.0,Leclerc,False,False,False,94.492
Jeddah,False,Hard,Balanced,15.3,39,Average,High,Cloudy,False,51,0.0,100,91,2.0,Sainz,False,False,False,94.499
Jeddah,False,Hard,Balanced,15.8,39,Average,High,Cloudy,False,50,0.0,100,99,2.0,Leclerc,False,False,False,94.498
Jeddah,False,Hard,Balanced,13.4,39,High,High,Cloudy,False,49,0.0,100,91,2.0,Sainz,False,False,False,94.494
Jeddah,False,Hard,Balanced,14.0,39,High,High,Cloudy,False,48,0.0,100,99,2.0,Leclerc,False,False,False,94.497
Jeddah,False,Hard,Balanced,11.5,39,High,High,Cloudy,False,47,0.0,100,91,2.0,Sainz,False,False,False,94.495
Jeddah,False,Hard,Balanced,12.2,39,High,High,Cloudy,False,46,0.0,100,99,2.0,Leclerc,False,False,False,94.495
Jeddah,False,Hard,Balanced,9.7,39,High,High,Cloudy,False,45,0.0,100,91,2.0,Sainz,False,False,False,94.495
Jeddah,False,Hard,Balanced,10.4,39,High,High,Cloudy,False,44,0.0,100,99,3.0,Leclerc,False,False,False,94.495
Jeddah,False,Hard,Balanced,7.8,39,High,High,Cloudy,False,43,0.0,100,91,2.0,Sainz,False,False,False,94.527
Jeddah,False,Hard,Balanced,8.5,39,High,High,Cloudy,False,41,0.0,100,99,2.0,Leclerc,False,False,False,94.524
Jeddah,False,Hard,Balanced,5.9,39,High,High,Cloudy,False,41,0.0,100,91,2.0,Sainz,False,False,False,94.529
Jeddah,False,Hard,Balanced,6.7,39,High,High,Cloudy,False,39,0.0,100,99,2.0,Leclerc,False,False,False,94.529
Jeddah,False,Hard,Balanced,4.0,39,High,High,Cloudy,False,39,0.0,100,91,2.0,Sainz,False,False,False,94.528
Jeddah,False,Hard,Balanced,4.9,39,High,High,Cloudy,False,37,0.0,100,99,2.0,Leclerc,False,False,False,94.528
Jeddah,False,Hard,Balanced,2.7,39,High,High,Cloudy,False,37,0.0,100,91,2.0,Sainz,False,False,False,101.029
Jeddah,False,Hard,Balanced,3.2,39,High,High,Cloudy,False,35,0.0,100,99,2.0,Leclerc,False,False,False,94.298
Australia,True,Soft,Balanced,35.7,32,VeryLow,Average,Cloudy,False,95,0.0,0,42,5.0,Sainz,False,False,False,81.194
Australia,True,Soft,Balanced,35.7,32,VeryLow,Average,Cloudy,False,95,0.0,0,42,5.0,Leclerc,False,False,False,81.133
Australia,True,Soft,Balanced,33.8,32,VeryLow,Average,Cloudy,False,90,0.0,0,42,6.0,Sainz,False,False,False,81.199
Australia,True,Soft,Balanced,33.8,32,VeryLow,Average,Cloudy,False,90,0.0,0,42,6.0,Leclerc,False,False,False,81.046
Australia,True,Soft,Balanced,32.0,32,VeryLow,Average,Cloudy,False,84,0.0,1,42,5.0,Sainz,True,False,False,81.348
Australia,True,Soft,Balanced,32.0,32,VeryLow,Average,Cloudy,False,84,0.0,1,42,5.0,Leclerc,False,False,False,81.072
Australia,True,Soft,Balanced,30.2,32,VeryLow,Average,Cloudy,False,79,0.0,2,42,5.0,Sainz,True,False,False,81.925
Australia,True,Soft,Balanced,30.2,32,VeryLow,Average,Cloudy,False,79,0.0,2,42,5.0,Leclerc,False,False,False,81.126
Australia,True,Soft,Balanced,28.5,32,VeryLow,Average,Cloudy,False,74,0.0,2,42,6.0,Sainz,False,False,False,81.245
Australia,True,Soft,Balanced,28.5,32,VeryLow,Average,Cloudy,False,74,0.0,2,42,6.0,Leclerc,False,False,False,81.489
Australia,True,Soft,Balanced,26.6,32,VeryLow,Average,Cloudy,False,68,0.0,3,42,5.0,Sainz,False,False,False,81.342
Australia,True,Soft,Balanced,26.6,32,VeryLow,Average,Cloudy,False,68,0.0,3,42,5.0,Leclerc,True,False,False,82.446
Australia,True,Soft,Balanced,24.9,32,VeryLow,Average,Cloudy,False,63,0.0,3,42,5.0,Sainz,False,False,False,81.455
Australia,True,Soft,Balanced,24.9,32,VeryLow,Average,Cloudy,False,63,0.0,3,42,5.0,Leclerc,True,False,False,83.358
Australia,True,Soft,Balanced,23.2,32,VeryLow,Average,Cloudy,False,58,0.0,4,42,6.0,Sainz,False,True,False,81.443
Australia,True,Soft,Balanced,23.2,32,VeryLow,Average,Cloudy,False,58,0.0,4,42,6.0,Leclerc,True,True,False,82.895
Australia,True,Soft,Push,21.4,32,VeryLow,Average,Cloudy,False,52,0.0,4,42,6.0,Sainz,False,True,False,81.361
Australia,True,Soft,Push,21.4,32,VeryLow,Average,Cloudy,False,52,0.0,4,42,6.0,Leclerc,True,True,False,82.499
Australia,True,Soft,Push,19.5,32,VeryLow,Average,Cloudy,False,44,0.0,5,42,8.0,Sainz,False,True,False,81.929
Australia,True,Soft,Push,19.5,32,VeryLow,Average,Cloudy,False,44,0.0,5,42,8.0,Leclerc,True,True,False,82.548
Australia,True,Soft,Push,17.7,32,VeryLow,Average,Raining,False,36,1.05,6,42,4.0,Sainz,False,True,False,94.389
Australia,True,Soft,Push,17.7,31,VeryLow,Average,Raining,False,36,1.1,6,42,4.0,Leclerc,False,True,False,98.632
Australia,True,Rain,Balanced,69.0,27,VeryLow,Low,Raining,False,99,4.2,12,75,2.0,Sainz,False,False,False,91.404
Australia,True,Rain,Balanced,35.6,27,VeryLow,Low,Raining,False,99,4.2,12,59,2.0,Leclerc,False,False,False,92.845
Australia,True,Rain,Balanced,67.0,28,VeryLow,Low,Raining,False,97,3.8,12,75,1.0,Sainz,False,False,False,90.904
Australia,True,Rain,Balanced,33.6,28,VeryLow,Low,Raining,False,97,3.8,12,59,1.0,Leclerc,False,False,False,92.574
Australia,True,Rain,Balanced,65.2,29,VeryLow,Low,Raining,False,96,3.5,13,75,2.0,Sainz,False,False,False,91.408
Australia,True,Rain,Balanced,31.8,29,VeryLow,Low,Raining,False,96,3.5,13,59,2.0,Leclerc,False,False,False,90.138
Australia,True,Rain,Balanced,30.0,30,VeryLow,Low,Raining,False,94,3.1,14,59,5.0,Leclerc,False,False,False,90.929
Australia,True,Rain,Balanced,26.4,31,VeryLow,Low,Raining,False,89,2.46,14,59,3.0,Leclerc,False,False,False,93.016
Australia,True,Inter,Balanced,67.0,31,VeryLow,Low,Raining,False,94,2.3,14,75,2.0,Sainz,False,False,False,88.772
Australia,True,Rain,Balanced,24.6,30,VeryLow,Low,Raining,True,86,2.54,15,59,3.0,Leclerc,False,False,False,93.379
Australia,True,Inter,Balanced,65.2,30,VeryLow,Low,Raining,False,92,2.4,15,75,2.0,Sainz,True,False,False,94.362
Australia,True,Rain,Balanced,22.8,29,VeryLow,Low,Raining,True,83,2.4,16,59,3.0,Leclerc,False,False,False,93.797
Australia,True,Inter,Balanced,63.2,29,VeryLow,Low,Raining,False,90,2.6,15,75,2.0,Sainz,False,False,False,88.585
Australia,True,Rain,Balanced,21.0,29,VeryLow,Low,Raining,True,80,2.3,17,59,3.0,Leclerc,True,False,False,94.703
Australia,True,Inter,Balanced,61.4,29,VeryLow,Low,Raining,False,88,2.47,16,75,2.0,Sainz,False,False,False,88.409
Australia,True,Rain,Balanced,19.2,29,VeryLow,Low,Raining,True,77,2.9,19,59,2.0,Leclerc,True,False,False,93.768
Australia,True,Inter,Balanced,59.5,28,VeryLow,Low,Raining,False,86,3.0,16,75,3.0,Sainz,False,False,False,89.495
Australia,True,Rain,Balanced,17.4,28,VeryLow,Low,Raining,False,75,3.3,20,59,2.0,Leclerc,False,False,False,91.299
Australia,True,Inter,Balanced,57.7,28,VeryLow,Low,Raining,False,83,3.3,16,75,2.0,Sainz,True,False,False,90.135
Australia,True,Rain,Balanced,15.6,27,VeryLow,Low,Raining,False,73,3.4,22,59,2.0,Leclerc,False,False,False,89.773
Australia,True,Inter,Balanced,55.8,27,VeryLow,Low,Raining,False,81,3.4,17,75,2.0,Sainz,False,False,False,89.917
Australia,True,Rain,Push,13.9,26,VeryLow,Low,Raining,False,71,3.4,24,59,2.0,Leclerc,False,False,False,89.454
Australia,True,Inter,Push,54.0,26,VeryLow,Low,Raining,False,79,3.4,18,75,2.0,Sainz,False,False,False,89.328
Australia,True,Rain,Push,12.1,27,VeryLow,Low,Raining,True,69,3.1,26,59,4.0,Leclerc,False,False,False,90.483
Australia,True,Inter,Push,52.0,27,VeryLow,Low,Raining,False,77,3.1,19,75,3.0,Sainz,False,False,False,88.84
Australia,True,Rain,Balanced,10.3,29,VeryLow,Low,Raining,True,65,2.7,27,59,2.0,Leclerc,False,False,False,92.197
Australia,True,Inter,Push,50.3,29,VeryLow,Low,Raining,False,74,2.7,20,75,3.0,Sainz,False,False,False,88.139
Australia,True,Rain,Balanced,8.6,30,VeryLow,Low,Raining,True,63,2.5,29,59,3.0,Leclerc,False,False,False,93.091
Australia,True,Inter,Push,48.3,30,VeryLow,Low,Raining,False,71,2.5,22,75,3.0,Sainz,False,False,False,87.929
Australia,True,Rain,Balanced,6.9,29,VeryLow,Low,Raining,True,60,2.3,31,59,3.0,Leclerc,False,False,False,93.789
Australia,True,Inter,Push,46.5,29,VeryLow,Low,Raining,False,68,2.3,23,75,3.0,Sainz,True,False,False,90.971
Australia,True,Rain,Balanced,5.1,29,VeryLow,Low,Sunny,True,57,2.5,33,59,3.0,Leclerc,False,False,False,93.716
Australia,True,Inter,Push,44.7,29,VeryLow,Low,Sunny,False,65,2.5,25,75,3.0,Sainz,False,False,False,87.897
Australia,True,Rain,Save,3.5,30,VeryLow,Low,Sunny,True,54,2.05,35,59,3.0,Leclerc,False,False,False,93.716
Australia,True,Inter,Push,41.0,31,VeryLow,Low,Sunny,False,62,2.05,27,75,4.0,Sainz,False,False,False,87.488
Australia,True,Inter,Push,39.3,32,VeryLow,Low,Sunny,False,58,1.7,29,75,2.0,Sainz,False,False,False,87.03
Australia,True,Hard,Push,95.3,32,VeryLow,Average,Cloudy,False,98,0.0,32,91,3.0,Sainz,False,False,False,84.052
Australia,True,Hard,Save,95.1,32,VeryLow,Average,Cloudy,False,98,0.0,37,97,2.0,Leclerc,False,True,False,84.331
Australia,True,Hard,Push,93.1,32,VeryLow,Average,Cloudy,False,95,0.0,32,91,3.0,Sainz,False,False,False,83.943
Australia,True,Hard,Save,92.7,32,VeryLow,Average,Cloudy,False,96,0.0,38,97,2.0,Leclerc,False,True,False,84.23
Australia,True,Hard,Push,91.3,32,VeryLow,Average,Cloudy,False,92,0.0,33,91,2.0,Sainz,True,False,False,84.282
Australia,True,Hard,Save,90.6,32,VeryLow,Average,Cloudy,False,94,0.0,38,97,2.0,Leclerc,False,True,False,84.085
Australia,True,Hard,Push,89.3,32,VeryLow,Average,Cloudy,False,90,0.0,33,91,2.0,Sainz,False,False,False,83.811
Australia,True,Hard,Save,88.6,32,VeryLow,Average,Cloudy,False,92,0.0,38,97,2.0,Leclerc,False,True,False,84.067
Australia,True,Hard,Push,87.4,32,VeryLow,Average,Cloudy,False,88,0.0,34,91,3.0,Sainz,False,True,False,83.563
Australia,True,Hard,Save,86.5,32,VeryLow,Average,Cloudy,False,90,0.0,39,97,1.0,Leclerc,False,True,False,83.873
Australia,True,Hard,Push,85.4,32,VeryLow,Average,Cloudy,False,85,0.0,34,91,4.0,Sainz,False,True,False,83.573
Australia,True,Hard,Save,84.6,32,VeryLow,Average,Cloudy,False,89,0.0,39,97,2.0,Leclerc,False,True,False,83.778
Australia,True,Hard,Push,83.3,32,VeryLow,Average,Cloudy,False,81,0.0,35,91,2.0,Sainz,False,True,False,83.316
Australia,True,Hard,Save,82.4,32,VeryLow,Average,Cloudy,False,87,0.0,40,97,2.0,Leclerc,False,True,False,83.749
Australia,True,Hard,Push,81.2,32,VeryLow,Average,Cloudy,False,79,0.0,36,91,3.0,Sainz,False,True,False,83.749
Australia,True,Hard,Save,80.5,32,VeryLow,Average,Cloudy,False,85,0.0,41,97,2.0,Leclerc,False,True,False,83.675
Australia,True,Hard,Save,79.1,32,VeryLow,Average,Cloudy,False,76,0.0,36,91,2.0,Sainz,False,True,False,83.675
Australia,True,Hard,Push,78.4,32,VeryLow,Average,Cloudy,False,83,0.0,41,97,2.0,Leclerc,False,False,False,83.29
Australia,True,Hard,Save,77.1,32,VeryLow,Average,Cloudy,False,74,0.0,37,91,2.0,Sainz,False,True,False,83.804
Australia,True,Hard,Push,76.6,32,VeryLow,Average,Cloudy,False,81,0.0,42,97,3.0,Leclerc,False,True,False,83.17
Australia,True,Hard,Save,75.1,32,VeryLow,Average,Cloudy,False,72,0.0,38,91,2.0,Sainz,False,True,False,83.8
Australia,True,Hard,Push,74.6,32,VeryLow,Average,Cloudy,False,78,0.0,43,97,3.0,Leclerc,False,True,False,83.159
Australia,True,Hard,Save,72.9,32,VeryLow,Average,Cloudy,False,70,0.0,40,91,2.0,Sainz,False,True,False,83.159
Australia,True,Hard,Push,72.6,32,VeryLow,Average,Cloudy,False,75,0.0,45,97,2.0,Leclerc,False,True,False,83.208
Australia,True,Hard,Save,71.0,32,VeryLow,Average,Cloudy,False,68,0.0,42,91,2.0,Sainz,False,True,False,84.211
Australia,True,Hard,Push,70.8,32,VeryLow,Average,Cloudy,False,73,0.0,47,97,3.0,Leclerc,False,True,False,83.099
Australia,True,Inter,Save,65.1,29,VeryLow,Low,Raining,False,97,2.32,51,97,2.0,Leclerc,False,False,False,88.373
Australia,True,Inter,Save,63.2,29,VeryLow,Low,Raining,False,95,2.04,51,97,1.0,Leclerc,False,False,False,87.901
Australia,True,Inter,Save,61.4,28,VeryLow,Low,Raining,False,94,1.76,52,97,2.0,Leclerc,False,False,False,87.433
Australia,True,Inter,Save,59.5,28,VeryLow,Low,Raining,False,92,1.96,52,97,2.0,Leclerc,False,False,False,87.76
Australia,True,Inter,Save,67.1,28,VeryLow,Low,Raining,False,97,2.01,46,89,1.0,Sainz,False,False,False,88.003
Australia,True,Inter,Save,57.6,28,VeryLow,Low,Raining,False,90,1.73,53,97,2.0,Leclerc,False,False,False,87.62
Australia,True,Inter,Save,65.1,29,VeryLow,Low,Raining,False,96,1.68,46,89,2.0,Sainz,False,False,False,88.123
Australia,True,Inter,Save,55.8,30,VeryLow,Low,Raining,False,88,2.11,53,97,2.0,Leclerc,False,False,False,87.802
Australia,True,Inter,Save,63.2,31,VeryLow,Low,Raining,False,94,2.09,47,89,2.0,Sainz,False,False,False,88.205
Australia,True,Inter,Save,54.0,32,VeryLow,Low,Raining,False,86,2.02,54,97,1.0,Leclerc,False,False,False,87.425
Australia,True,Inter,Save,61.3,32,VeryLow,Low,Raining,False,92,1.94,47,89,2.0,Sainz,False,False,False,87.797
Australia,True,Inter,Save,52.2,32,VeryLow,Low,Raining,False,85,1.77,55,97,2.0,Leclerc,False,False,False,87.776
Australia,True,Inter,Save,59.5,32,VeryLow,Low,Raining,False,90,1.77,48,89,2.0,Sainz,False,False,False,87.719
Australia,True,Inter,Save,50.3,32,VeryLow,Low,Raining,False,83,1.89,56,97,2.0,Leclerc,True,False,False,89.563
Australia,True,Inter,Save,57.6,32,VeryLow,Low,Raining,False,88,2.08,48,89,2.0,Sainz,False,False,False,89.125
Australia,True,Inter,Push,48.5,30,VeryLow,Low,Raining,False,81,3.25,56,97,3.0,Leclerc,True,False,False,90.479
Australia,True,Inter,Save,55.8,30,VeryLow,Low,Raining,False,86,3.51,49,89,1.0,Sainz,False,False,False,90.21
Australia,True,Inter,Push,46.6,28,VeryLow,Low,Raining,False,78,3.26,58,97,3.0,Leclerc,False,False,False,90.72
Australia,True,Inter,Push,53.9,28,VeryLow,Low,Raining,False,85,3.3,50,89,3.0,Sainz,False,False,False,89.591
Australia,True,Inter,Push,44.8,26,VeryLow,Low,Raining,False,75,3.7,60,97,3.0,Leclerc,True,False,False,90.999
Australia,True,Inter,Push,52.1,26,VeryLow,Low,Raining,False,82,3.74,50,89,3.0,Sainz,True,False,False,90.501
Australia,True,Inter,Push,42.9,26,VeryLow,Low,Raining,False,72,3.56,62,97,3.0,Leclerc,False,True,False,89.261
Australia,True,Inter,Push,50.3,26,VeryLow,Low,Raining,False,79,3.54,51,89,3.0,Sainz,False,True,False,89.425
Australia,True,Inter,Push,41.0,25,VeryLow,Low,Raining,False,69,3.7,64,97,3.0,Leclerc,False,True,False,89.953
Australia,True,Inter,Push,48.3,25,VeryLow,Low,Raining,False,76,3.7,53,89,3.0,Sainz,True,True,False,92.527
Australia,True,Inter,Push,39.0,25,VeryLow,Low,Cloudy,False,66,3.5,65,97,3.0,Leclerc,False,True,False,89.45
Australia,True,Inter,Push,46.4,26,VeryLow,Low,Cloudy,False,73,3.4,55,89,3.0,Sainz,True,True,False,31.0
Australia,True,Inter,Push,37.1,27,VeryLow,Low,Cloudy,False,63,3.2,67,97,3.0,Leclerc,False,True,False,88.771
Australia,True,Inter,Push,44.6,28,VeryLow,Low,Cloudy,False,70,3.2,57,89,3.0,Sainz,False,True,False,88.835
Australia,True,Inter,Push,35.2,30,VeryLow,Low,Cloudy,False,60,2.85,69,97,3.0,Leclerc,False,True,False,88.172
Australia,True,Inter,Push,42.7,30,VeryLow,Low,Cloudy,False,67,2.85,58,89,3.0,Sainz,False,True,False,88.23
Australia,True,Inter,Push,33.2,31,VeryLow,Low,Cloudy,False,57,2.5,71,97,3.0,Leclerc,False,True,False,87.672
Australia,True,Inter,Push,40.7,31,VeryLow,Low,Cloudy,False,64,2.5,60,89,3.0,Sainz,False,True,False,87.67
Australia,True,Inter,Push,31.3,32,VeryLow,Low,Cloudy,False,54,2.2,73,97,4.0,Leclerc,False,True,False,87.193
Australia,True,Inter,Push,38.9,32,VeryLow,Low,Sunny,False,61,2.2,62,89,4.0,Sainz,False,True,False,87.145
Australia,True,Inter,Push,29.3,32,VeryLow,Low,Sunny,False,50,1.8,74,97,3.0,Leclerc,False,True,False,86.711
Australia,True,Inter,Push,36.8,32,VeryLow,Low,Sunny,False,57,1.8,63,89,3.0,Sainz,False,True,False,86.616
Australia,True,Inter,Push,27.3,32,VeryLow,Low,Sunny,False,47,1.5,76,97,3.0,Leclerc,False,True,False,86.269
Australia,True,Inter,Push,35.0,32,VeryLow,Low,Sunny,False,54,1.5,65,89,4.0,Sainz,False,True,False,86.246
Australia,True,Inter,Push,25.4,32,VeryLow,Low,Sunny,False,44,1.25,78,97,4.0,Leclerc,False,True,False,86.246
Australia,True,Inter,Push,33.1,32,VeryLow,Low,Sunny,False,50,1.25,67,89,3.0,Sainz,False,True,False,85.915
Australia,True,Inter,Balanced,23.4,32,VeryLow,Low,Sunny,False,40,0.9,80,97,3.0,Leclerc,False,True,False,86.367
Australia,True,Inter,Balanced,31.1,32,VeryLow,Low,Sunny,False,47,0.9,69,89,3.0,Sainz,False,True,False,86.284
Australia,True,Inter,Balanced,21.5,26,VeryLow,Low,Sunny,True,37,0.5,81,97,3.0,Leclerc,False,True,False,87.221
Australia,True,Inter,Balanced,28.9,26,VeryLow,Low,Sunny,True,44,0.5,70,89,3.0,Sainz,False,True,False,87.4
Australia,True,Soft,Push,35.7,35,VeryLow,Average,Cloudy,False,96,0.0,74,89,9.0,Sainz,False,True,False,80.816
Australia,True,Soft,Push,35.7,35,VeryLow,Average,Cloudy,False,96,0.0,85,97,9.0,Leclerc,False,True,False,80.7
Australia,True,Soft,Push,33.7,35,VeryLow,Average,Cloudy,False,87,0.0,75,89,8.0,Sainz,False,True,False,80.793
Australia,True,Soft,Push,33.7,35,VeryLow,Average,Cloudy,False,87,0.0,86,97,8.0,Leclerc,False,True,False,80.636
Australia,True,Soft,Save,31.7,36,VeryLow,Average,Sunny,False,79,0.0,76,89,5.0,Sainz,False,True,False,81.346
Australia,True,Soft,Save,31.7,36,VeryLow,Average,Sunny,False,79,0.0,86,97,5.0,Leclerc,False,True,False,81.165
Australia,True,Soft,Save,29.7,37,VeryLow,Average,Sunny,False,74,0.0,76,89,6.0,Sainz,True,True,False,81.605
Australia,True,Soft,Save,29.7,37,VeryLow,Average,Sunny,False,74,0.0,86,97,5.0,Leclerc,False,True,False,81.278
Australia,True,Soft,Save,27.8,39,VeryLow,Average,Sunny,False,68,0.0,76,89,5.0,Sainz,False,True,False,81.314
Australia,True,Soft,Save,27.8,39,VeryLow,Average,Sunny,False,69,0.0,87,97,5.0,Leclerc,False,True,False,81.3
Australia,True,Soft,Save,25.9,41,VeryLow,Average,Sunny,False,63,0.0,77,89,4.0,Sainz,True,True,False,83.322
Australia,True,Soft,Save,25.9,41,VeryLow,Average,Sunny,False,64,0.0,87,97,5.0,Leclerc,True,True,False,81.983
Australia,True,Soft,Save,24.1,41,VeryLow,Average,Sunny,False,59,0.0,77,89,5.0,Sainz,True,True,False,83.397
Australia,True,Soft,Save,24.1,41,VeryLow,Average,Sunny,False,59,0.0,88,97,5.0,Leclerc,True,True,False,81.943
Australia,True,Soft,Save,22.1,40,VeryLow,Average,Sunny,False,53,0.0,78,89,5.0,Sainz,True,True,False,82.244
Australia,True,Soft,Save,22.1,40,VeryLow,Average,Sunny,False,53,0.0,88,97,5.0,Leclerc,True,True,False,81.935
Australia,True,Soft,Save,20.3,40,VeryLow,Average,Sunny,False,48,0.0,79,89,5.0,Sainz,False,True,False,82.127
Australia,True,Soft,Save,20.3,38,VeryLow,Average,Cloudy,False,48,0.0,89,97,5.0,Leclerc,True,True,False,83.156
Australia,True,Soft,Save,18.4,38,VeryLow,Average,Cloudy,False,43,0.0,80,89,5.0,Sainz,True,True,False,83.298
Australia,True,Soft,Save,18.4,38,VeryLow,Average,Cloudy,False,43,0.0,90,97,5.0,Leclerc,True,True,False,83.016
Australia,True,Soft,Save,16.5,38,VeryLow,Average,Cloudy,False,38,0.0,81,89,5.0,Sainz,True,True,False,83.496
Australia,True,Soft,Save,16.5,38,VeryLow,Average,Cloudy,False,38,0.0,91,97,5.0,Leclerc,True,True,False,83.179
Australia,True,Medium,Balanced,60.0,40,VeryLow,Average,Sunny,False,97,0.0,84,89,3.0,Sainz,False,False,False,81.977
Australia,True,Medium,Balanced,60.0,40,VeryLow,Average,Sunny,False,97,0.0,95,97,3.0,Leclerc,True,False,False,82.754
Australia,True,Medium,Balanced,58.0,40,VeryLow,Average,Sunny,False,94,0.0,85,89,3.0,Sainz,True,False,False,82.741
Australia,True,Medium,Balanced,58.0,40,VeryLow,Average,Sunny,False,94,0.0,95,97,3.0,Leclerc,True,False,False,82.547
Australia,True,Medium,Balanced,56.0,40,VeryLow,Average,Sunny,False,91,0.0,85,89,3.0,Sainz,True,False,False,82.58
Australia,True,Medium,Balanced,56.0,40,VeryLow,Average,Sunny,False,91,0.0,95,97,3.0,Leclerc,False,False,False,82.061
Australia,True,Medium,Balanced,54.0,39,VeryLow,Average,Cloudy,False,88,0.0,86,89,3.0,Sainz,False,False,False,82.15
Australia,True,Medium,Balanced,54.0,39,VeryLow,Average,Cloudy,False,88,0.0,96,97,3.0,Leclerc,False,False,False,82.15
Australia,True,Medium,Balanced,52.0,38,VeryLow,Average,Cloudy,False,85,0.0,86,89,3.0,Sainz,False,False,False,81.84
Australia,True,Medium,Balanced,52.0,38,VeryLow,Average,Cloudy,False,85,0.0,96,97,2.0,Leclerc,False,False,False,82.007
Australia,True,Medium,Balanced,50.2,37,VeryLow,Average,Cloudy,False,82,0.0,86,89,4.0,Sainz,False,False,False,82.216
Australia,True,Medium,Balanced,50.2,37,VeryLow,Average,Cloudy,False,83,0.0,96,97,3.0,Leclerc,False,False,False,82.032
Australia,True,Medium,Balanced,48.3,37,VeryLow,Average,Cloudy,False,79,0.0,87,89,3.0,Sainz,True,False,False,83.081
Australia,True,Medium,Balanced,48.3,37,VeryLow,Average,Cloudy,False,80,0.0,97,97,2.0,Leclerc,False,False,False,81.989
Australia,True,Medium,Balanced,46.5,38,VeryLow,Average,Sunny,False,76,0.0,88,89,3.0,Sainz,False,False,False,82.082
Australia,True,Medium,Balanced,46.5,38,VeryLow,Average,Sunny,False,78,0.0,98,97,3.0,Leclerc,False,False,False,82.328
Australia,True,Medium,Balanced,44.6,41,VeryLow,Average,Sunny,False,73,0.0,89,89,2.0,Sainz,False,False,False,82.098
Australia,True,Medium,Balanced,44.6,41,VeryLow,Average,Sunny,False,75,0.0,99,97,2.0,Leclerc,False,False,False,81.959
Australia,True,Medium,Push,42.8,37,VeryLow,Average,Sunny,False,71,0.0,89,89,4.0,Sainz,False,False,False,81.891
Australia,True,Medium,Push,42.8,37,VeryLow,Average,Sunny,False,73,0.0,100,97,4.0,Leclerc,False,False,False,81.749
Australia,True,Medium,Push,41.0,35,VeryLow,Average,Cloudy,False,67,0.0,90,89,3.0,Sainz,False,False,False,81.968
Australia,True,Medium,Push,41.0,35,VeryLow,Average,Cloudy,False,69,0.0,100,97,4.0,Leclerc,False,False,False,81.797
Australia,True,Medium,Push,39.2,34,VeryLow,Average,Cloudy,False,64,0.0,92,89,4.0,Sainz,True,False,False,82.774
Australia,True,Medium,Push,39.2,34,VeryLow,Average,Cloudy,False,65,0.0,100,97,3.0,Leclerc,False,False,False,81.86
Australia,True,Medium,Push,37.4,35,VeryLow,Average,Cloudy,False,60,0.0,94,89,4.0,Sainz,False,False,False,82.133
Australia,True,Medium,Push,37.4,35,VeryLow,Average,Cloudy,False,62,0.0,100,97,4.0,Leclerc,False,False,False,82.059
Australia,True,Medium,Push,35.6,35,VeryLow,Average,Cloudy,False,56,0.0,95,89,4.0,Sainz,False,False,False,81.928
Australia,True,Medium,Push,35.6,35,VeryLow,Average,Cloudy,False,58,0.0,100,97,3.0,Leclerc,False,False,False,82.037
Australia,True,Medium,Push,33.8,37,VeryLow,Average,Cloudy,False,52,0.0,97,89,3.0,Sainz,True,False,False,82.868
Australia,True,Medium,Push,33.8,37,VeryLow,Average,Cloudy,False,55,0.0,100,97,3.0,Leclerc,True,False,False,83.391
Australia,False,Medium,Push,110.0,32,Low,Average,Sunny,False,99,0.0,100,94,3.0,Sainz,False,True,False,89.539
Australia,False,Medium,Push,110.0,32,Low,Average,Sunny,False,99,0.0,100,97,3.0,Leclerc,False,True,False,89.276
Australia,False,Medium,Balanced,107.8,32,Low,Average,Sunny,False,96,0.0,100,94,3.0,Sainz,False,True,False,85.798
Australia,False,Medium,Balanced,107.8,32,Low,Average,Sunny,False,96,0.0,100,97,3.0,Leclerc,False,True,False,85.885
Australia,False,Medium,Push,105.8,32,Low,High,Sunny,False,93,0.0,100,94,4.0,Sainz,False,True,False,84.584
Australia,False,Medium,Push,105.8,32,Low,High,Sunny,False,93,0.0,100,97,4.0,Leclerc,False,True,False,84.604
Australia,False,Medium,Push,103.7,32,Low,High,Sunny,False,89,0.0,100,94,4.0,Sainz,False,True,False,85.475
Australia,False,Medium,Push,103.7,32,Low,High,Sunny,False,89,0.0,100,97,4.0,Leclerc,False,True,False,85.19
Australia,False,Medium,Push,101.3,32,Low,High,Sunny,False,85,0.0,100,94,5.0,Sainz,False,True,False,85.408
Australia,False,Medium,Save,101.3,32,Low,High,Sunny,False,85,0.0,100,97,5.0,Leclerc,False,True,False,85.68
Australia,False,Medium,Push,99.3,32,Low,High,Cloudy,False,80,0.0,100,94,3.0,Sainz,False,True,False,84.891
Australia,False,Medium,Save,99.3,32,Low,High,Cloudy,False,82,0.0,100,97,2.0,Leclerc,False,True,False,86.036
Australia,False,Medium,Balanced,97.3,32,Low,High,Cloudy,False,77,0.0,100,94,5.0,Sainz,False,True,False,84.569
Australia,False,Medium,Balanced,97.6,32,Low,High,Cloudy,False,80,0.0,100,97,4.0,Leclerc,False,True,False,85.789
Australia,False,Medium,Balanced,94.8,32,Low,High,Cloudy,False,73,0.0,100,94,2.0,Sainz,True,False,False,86.05
Australia,False,Medium,Balanced,94.8,32,Low,High,Cloudy,False,76,0.0,100,97,3.0,Leclerc,True,False,False,85.932
Australia,False,Medium,Balanced,93.1,32,Average,High,Cloudy,False,71,0.0,100,94,3.0,Sainz,True,False,False,86.016
Australia,False,Medium,Balanced,93.3,32,Average,High,Cloudy,False,73,0.0,100,97,2.0,Leclerc,True,False,False,85.796
Australia,False,Medium,Balanced,91.2,32,Average,High,Cloudy,False,68,0.0,100,94,2.0,Sainz,True,False,False,85.947
Australia,False,Medium,Balanced,91.5,32,Average,High,Cloudy,False,71,0.0,100,97,2.0,Leclerc,True,False,False,85.796
Australia,False,Medium,Balanced,89.4,32,Average,High,Cloudy,False,66,0.0,100,94,2.0,Sainz,False,False,False,85.385
Australia,False,Medium,Balanced,89.7,32,Average,High,Cloudy,False,69,0.0,100,97,3.0,Leclerc,False,False,False,85.144
Australia,False,Medium,Balanced,87.4,32,Average,High,Cloudy,False,64,0.0,100,94,2.0,Sainz,False,False,False,85.331
Australia,False,Medium,Balanced,87.4,32,Average,High,Cloudy,False,66,0.0,100,97,2.0,Leclerc,False,False,False,84.462
Australia,False,Medium,Balanced,85.8,32,Average,High,Cloudy,False,62,0.0,100,94,3.0,Sainz,False,False,False,85.357
Australia,False,Medium,Push,85.8,32,Average,High,Cloudy,False,64,0.0,100,97,3.0,Leclerc,False,False,False,84.257
Australia,False,Medium,Balanced,83.7,32,Average,High,Cloudy,False,59,0.0,100,94,2.0,Sainz,True,False,False,87.454
Australia,False,Medium,Push,83.9,32,Average,High,Cloudy,False,61,0.0,100,97,4.0,Leclerc,False,False,False,84.194
Australia,False,Medium,Balanced,81.6,32,Average,High,Cloudy,False,57,0.0,100,94,3.0,Sainz,False,False,False,85.337
Australia,False,Medium,Push,81.6,32,Average,High,Cloudy,False,57,0.0,100,97,3.0,Leclerc,False,True,False,85.267
Australia,False,Medium,Push,79.7,32,Average,High,Cloudy,False,54,0.0,100,94,3.0,Sainz,False,False,False,85.014
Australia,False,Medium,Balanced,79.6,32,Average,High,Cloudy,False,54,0.0,100,97,3.0,Leclerc,False,False,False,96.609
Australia,False,Medium,Balanced,77.7,32,Average,High,Cloudy,False,51,0.0,100,94,4.0,Sainz,False,True,False,85.005
Australia,False,Hard,Balanced,77.6,32,Average,High,Cloudy,False,99,0.0,100,97,1.0,Leclerc,False,False,False,91.112
Australia,False,Medium,Balanced,75.6,32,Average,High,Cloudy,False,47,0.0,100,94,4.0,Sainz,False,True,False,97.47
Australia,False,Hard,Balanced,75.8,32,Average,High,Cloudy,False,98,0.0,100,97,3.0,Leclerc,False,False,False,85.197
Australia,False,Hard,Balanced,73.6,32,Average,High,Cloudy,False,99,0.0,100,94,1.0,Sainz,False,False,False,90.665
Australia,False,Hard,Push,73.8,32,Average,High,Cloudy,False,95,0.0,100,97,2.0,Leclerc,False,False,False,84.713
Australia,False,Hard,Balanced,71.7,32,Average,High,Cloudy,False,98,0.0,100,94,2.0,Sainz,False,False,False,84.49
Australia,False,Hard,Push,71.8,32,Average,High,Cloudy,False,93,0.0,100,97,3.0,Leclerc,False,True,False,83.259
Australia,False,Hard,Balanced,69.8,32,Average,High,Cloudy,False,96,0.0,100,94,2.0,Sainz,True,False,False,84.922
Australia,False,Hard,Push,69.8,32,Average,High,Cloudy,False,90,0.0,100,97,3.0,Leclerc,True,False,False,86.245
Australia,False,Hard,Balanced,67.9,32,Average,High,Cloudy,False,94,0.0,100,94,2.0,Sainz,True,False,False,85.338
Australia,False,Hard,Push,67.8,32,Average,High,Cloudy,False,87,0.0,100,97,3.0,Leclerc,False,False,False,84.521
Australia,False,Hard,Balanced,65.9,32,Average,High,Cloudy,False,92,0.0,100,94,2.0,Sainz,False,False,False,84.211
Australia,False,Hard,Balanced,65.9,32,Average,High,Cloudy,False,84,0.0,100,97,2.0,Leclerc,True,False,False,85.219
Australia,False,Hard,Balanced,64.1,32,Average,High,Cloudy,False,90,0.0,100,94,2.0,Sainz,False,False,False,84.138
Australia,False,Hard,Balanced,63.9,32,Average,High,Cloudy,False,82,0.0,100,97,2.0,Leclerc,False,False,False,84.357
Australia,False,Hard,Balanced,62.0,32,Average,High,Cloudy,False,88,0.0,100,94,2.0,Sainz,False,False,False,84.114
Australia,False,Hard,Balanced,62.0,32,Average,High,Cloudy,False,80,0.0,100,97,1.0,Leclerc,False,False,False,85.225
Australia,False,Hard,Balanced,60.3,32,High,High,Cloudy,False,86,0.0,100,94,1.0,Sainz,False,False,False,84.109
Australia,False,Hard,Balanced,60.2,32,High,High,Cloudy,False,79,0.0,100,97,2.0,Leclerc,False,False,False,84.74
Australia,False,Hard,Balanced,58.4,32,High,High,Cloudy,False,85,0.0,100,94,2.0,Sainz,False,False,False,84.007
Australia,False,Hard,Balanced,58.3,32,High,High,Cloudy,False,77,0.0,100,97,2.0,Leclerc,False,False,False,83.919
Australia,False,Hard,Balanced,56.5,32,High,High,Cloudy,False,83,0.0,100,94,2.0,Sainz,False,False,False,83.969
Australia,False,Hard,Balanced,56.5,32,High,High,Cloudy,False,75,0.0,100,97,2.0,Leclerc,False,False,False,83.47
Australia,False,Hard,Balanced,54.7,32,High,High,Cloudy,False,81,0.0,100,94,2.0,Sainz,False,False,False,83.56
Australia,False,Hard,Balanced,54.7,32,High,High,Cloudy,False,73,0.0,100,97,2.0,Leclerc,False,False,False,83.919
Australia,False,Hard,Balanced,52.8,32,High,High,Cloudy,False,79,0.0,100,94,2.0,Sainz,False,False,False,83.868
Australia,False,Hard,Balanced,52.8,32,High,High,Cloudy,False,71,0.0,100,97,2.0,Leclerc,False,False,False,84.084
Australia,False,Hard,Balanced,51.0,32,High,High,Cloudy,False,77,0.0,100,94,2.0,Sainz,False,False,False,83.923
Australia,False,Hard,Push,51.0,32,High,High,Cloudy,False,69,0.0,100,97,3.0,Leclerc,False,False,False,83.082
Australia,False,Hard,Push,49.2,32,High,High,Cloudy,False,75,0.0,100,94,3.0,Sainz,False,True,False,82.788
Australia,False,Hard,Balanced,49.2,32,High,High,Cloudy,False,66,0.0,100,97,2.0,Leclerc,False,False,False,83.411
Australia,False,Hard,Balanced,47.2,32,High,High,Cloudy,False,72,0.0,100,94,3.0,Sainz,False,True,False,83.091
Australia,False,Hard,Balanced,47.2,32,High,High,Cloudy,False,64,0.0,100,97,3.0,Leclerc,False,False,False,83.892
Australia,False,Hard,Balanced,45.2,32,High,VeryHigh,Cloudy,False,69,0.0,100,94,3.0,Sainz,False,True,False,83.484
Australia,False,Hard,Balanced,45.2,32,High,VeryHigh,Cloudy,False,61,0.0,100,97,3.0,Leclerc,False,True,False,83.484
Australia,False,Hard,Push,43.3,32,High,VeryHigh,Cloudy,False,66,0.0,100,94,4.0,Sainz,False,True,False,82.926
Australia,False,Hard,Balanced,43.3,32,High,VeryHigh,Cloudy,False,58,0.0,100,97,2.0,Leclerc,False,True,False,83.86
Australia,False,Hard,Balanced,41.3,32,High,VeryHigh,Cloudy,False,62,0.0,100,94,3.0,Sainz,True,False,False,88.192
Australia,False,Hard,Balanced,41.4,32,High,VeryHigh,Cloudy,False,56,0.0,100,97,2.0,Leclerc,False,False,False,84.19
Australia,False,Hard,Balanced,39.5,32,High,VeryHigh,Cloudy,False,59,0.0,100,94,4.0,Sainz,False,False,False,82.963
Australia,False,Hard,Balanced,39.3,32,High,VeryHigh,Cloudy,False,54,0.0,100,97,3.0,Leclerc,False,False,False,83.849
Australia,False,Hard,Save,37.4,32,High,VeryHigh,Cloudy,False,56,0.0,100,94,2.0,Sainz,False,False,False,84.168
Australia,False,Hard,Push,37.7,32,High,VeryHigh,Cloudy,False,51,0.0,100,97,2.0,Leclerc,False,False,False,83.853
Australia,False,Hard,Balanced,35.8,32,VeryHigh,VeryHigh,Cloudy,False,54,0.0,100,94,2.0,Sainz,False,False,False,84.196
Australia,False,Hard,Balanced,35.8,32,VeryHigh,VeryHigh,Sunny,False,49,0.0,100,97,3.0,Leclerc,False,False,False,84.139
Australia,False,Hard,Push,34.0,32,VeryHigh,VeryHigh,Sunny,False,52,0.0,100,94,2.0,Sainz,False,False,False,83.841
Australia,False,Hard,Push,34.0,32,VeryHigh,VeryHigh,Sunny,False,46,0.0,100,97,3.0,Leclerc,False,False,False,84.377
Australia,False,Hard,Push,32.5,32,VeryHigh,VeryHigh,Sunny,False,50,0.0,100,94,3.0,Sainz,False,True,False,83.65
Australia,False,Hard,Push,32.6,32,VeryHigh,VeryHigh,Sunny,False,43,0.0,100,97,3.0,Leclerc,False,True,False,96.272
Australia,False,Hard,Push,30.5,32,VeryHigh,VeryHigh,Sunny,False,47,0.0,100,94,5.0,Sainz,False,False,False,83.706
Australia,False,Medium,Balanced,30.5,32,VeryHigh,VeryHigh,Sunny,False,99,0.0,100,97,3.0,Leclerc,False,False,False,88.371
Australia,False,Hard,Balanced,28.7,32,VeryHigh,VeryHigh,Sunny,False,43,0.0,100,94,4.0,Sainz,False,False,False,96.168
Australia,False,Medium,Balanced,28.8,32,VeryHigh,VeryHigh,Sunny,False,96,0.0,100,97,3.0,Leclerc,False,False,False,83.155
Australia,False,Medium,Push,27.0,32,VeryHigh,VeryHigh,Sunny,False,99,0.0,100,94,3.0,Sainz,False,True,False,88.144
Australia,False,Medium,Balanced,27.0,32,VeryHigh,VeryHigh,Sunny,False,93,0.0,100,97,2.0,Leclerc,False,False,False,83.001
Australia,False,Medium,Push,25.0,32,VeryHigh,VeryHigh,Sunny,False,96,0.0,100,94,5.0,Sainz,False,False,False,81.508
Australia,False,Medium,Balanced,25.0,32,VeryHigh,VeryHigh,Sunny,False,91,0.0,100,97,2.0,Leclerc,False,False,False,83.106
Australia,False,Medium,Push,23.2,32,VeryHigh,VeryHigh,Sunny,True,91,0.0,100,94,5.0,Sainz,False,False,False,81.771
Australia,False,Medium,Balanced,23.5,32,VeryHigh,VeryHigh,Sunny,False,89,0.0,100,97,3.0,Leclerc,False,False,False,83.089
Australia,False,Medium,Balanced,21.1,32,VeryHigh,VeryHigh,Sunny,False,86,0.0,100,94,3.0,Sainz,False,False,False,82.084
Australia,False,Medium,Balanced,21.6,32,VeryHigh,VeryHigh,Sunny,False,86,0.0,100,97,2.0,Leclerc,False,False,False,83.404
Australia,False,Medium,Save,19.6,32,VeryHigh,VeryHigh,Sunny,False,83,0.0,100,94,3.0,Sainz,False,False,False,82.39
Australia,False,Medium,Push,19.6,32,VeryHigh,VeryHigh,Sunny,False,84,0.0,100,97,5.0,Leclerc,False,False,False,82.012
Australia,False,Medium,Push,17.0,32,VeryHigh,VeryHigh,Sunny,False,80,0.0,100,94,3.0,Sainz,True,False,False,82.422
Australia,False,Medium,Save,17.0,32,VeryHigh,VeryHigh,Sunny,False,79,0.0,100,97,2.0,Leclerc,False,False,False,81.951
Australia,False,Medium,Balanced,15.5,32,VeryHigh,VeryHigh,Sunny,False,77,0.0,100,94,2.0,Sainz,False,False,False,81.705
Australia,False,Medium,Push,15.5,32,VeryHigh,VeryHigh,Sunny,False,74,0.0,100,97,4.0,Leclerc,False,False,False,82.282
Australia,False,Medium,Push,14.0,32,VeryHigh,VeryHigh,Sunny,False,75,0.0,100,94,5.0,Sainz,False,False,False,82.152
Australia,False,Medium,Push,14.0,32,VeryHigh,VeryHigh,Sunny,False,71,0.0,100,97,6.0,Leclerc,True,False,False,83.463
Australia,False,Medium,Push,12.0,32,VeryHigh,VeryHigh,Sunny,False,70,0.0,100,94,4.0,Sainz,False,True,False,80.785
Australia,False,Medium,Push,12.0,32,VeryHigh,VeryHigh,Sunny,False,66,0.0,100,97,4.0,Leclerc,True,False,False,83.463
Australia,False,Medium,Push,10.7,32,VeryHigh,VeryHigh,Sunny,False,66,0.0,100,94,5.0,Sainz,False,False,False,82.096
Australia,False,Medium,Balanced,10.7,32,VeryHigh,VeryHigh,Sunny,False,62,0.0,100,97,3.0,Leclerc,True,False,False,83.387
Australia,False,Medium,Push,8.5,32,VeryHigh,VeryHigh,Sunny,False,61,0.0,100,94,4.0,Sainz,False,False,False,82.385
Australia,False,Medium,Balanced,8.5,32,VeryHigh,VeryHigh,Sunny,False,59,0.0,100,97,3.0,Leclerc,False,False,False,83.806
Australia,False,Medium,Push,6.9,32,VeryHigh,VeryHigh,Sunny,False,57,0.0,100,94,3.0,Sainz,False,False,False,82.475
Australia,False,Medium,Push,6.9,32,VeryHigh,VeryHigh,Sunny,False,56,0.0,100,97,3.0,Leclerc,True,False,False,83.363
Australia,False,Medium,Push,5.2,32,VeryHigh,VeryHigh,Sunny,False,54,0.0,100,94,5.0,Sainz,False,False,False,82.542
Australia,False,Medium,Push,5.5,32,VeryHigh,VeryHigh,Sunny,False,53,0.0,100,97,4.0,Leclerc,False,False,False,82.37
Australia,False,Medium,Save,3.3,32,VeryHigh,VeryHigh,Sunny,False,49,0.0,100,94,1.0,Sainz,False,False,True,107.926
Australia,False,Medium,Save,3.3,32,VeryHigh,VeryHigh,Sunny,False,49,0.0,100,97,1.0,Leclerc,False,False,True,109.127
Australia,False,Medium,Push,1.0,32,VeryHigh,VeryHigh,Sunny,False,48,0.0,100,94,1.0,Sainz,False,False,True,125.388
Australia,False,Medium,Push,1.0,32,VeryHigh,VeryHigh,Sunny,False,48,0.0,100,97,1.0,Leclerc,False,False,True,119.418
